NUMBER	ENGLISH	ENGLISH_GLOSS	FRENCH_GLOSS	CONCEPTICON_ID	CONCEPTICON_GLOSS
1	(be) able	(be) able	(être) capable		
2	(be) abundant	(be) abundant	(être) abondant		
3	(be) afraid	(be) afraid	(avoir) peur // craindre		
4	(be) alone	(be) alone	(être) seul, solitaire	1964	ALONE
5	(be) angry	(be) angry	(être) furieux // (être) fâché // (être) fâché, en colère	1826	ANGRY
6	(be) ashamed	(be) ashamed	(avoir) honte		
7	(be) bad	(be) bad	(être) mauvais	1292	BAD
8	(be) bald	(be) bald	(être) chauve	1125	BALD
9	(be) beautiful	(be) beautiful	(être) beau	1427	BEAUTIFUL
10	(be) big	(be) big	(être) grand, gros	1202	BIG
11	(be) bitter	(be) bitter	(être) amer	887	BITTER
12	(be) black	(be) black	(être) noir	163	BLACK
13	(be) blue	(be) blue	(être) bleu	837	BLUE
14	(be) born	(be) born	naître	1090	BE BORN
15	(be) bright	(be) bright	(être) brillant, vif	679	BRIGHT
16	(be) clean	(be) clean	(être) propre	704	CLEAN
17	(be) cold (objects)	(be) cold (objects)	(être) froid	1287	COLD
18	(be) courageous, (be) brave	(be) courageous, (be) brave	(être) courageux	3	BRAVE
19	(be) crooked	(be) crooked	(être) courbé, tordu	297	CROOKED
20	(be) dark (colour)	(be) dark (colour)	(être) foncé, sombre	706	DARK
21	(be) dead	(be) dead	(être) mort	1625	DEAD
22	(be) deep	(be) deep	(être) profond	1593	DEEP
23	(be) defeated	(be) defeated	(être) vaincu, battu, défait	3535	BE DEFEATED
24	(be) different	(be) different	(être) différent	2504	DIFFERENT
25	(be) difficult	(be) difficult	(être) difficile	584	DIFFICULT
26	(be) dirty	(be) dirty	(être) sale	1230	DIRTY
27	(be) dizzy	(be) dizzy	avoir le vertige	2712	GET DIZZY
28	(be) drunk	(be) drunk	(être) soûl	1463	DRUNK
29	(be) dry	(be) dry	(être) sec // sec // sécher	1398	DRY
30	(be) empty	(be) empty	(être) vide	1624	EMPTY
31	(be) equal	(be) equal	(être) égal	1570	EQUAL
32	(be) expensive	(be) expensive	(être) cher, coûteux	1426	EXPENSIVE
33	(be) fast	(be) fast	(être) rapide // (être) vite	1631	FAST
34	(be) fat, (be) thick	(be) fat, (be) thick	(être) épais, gras	1244	THICK
35	(be) first	(be) first	(être) premier	728	FIRST
36	(be) flat	(be) flat	(être) plat	1633	FLAT
37	(be) fresh	(be) fresh	(être) frais		
38	(be) generous	(be) generous	(être) généreux	3632	GENEROUS
39	(be) good	(be) good	(être) bien // (être) bon	1035	GOOD
40	(be) great, (be) powerful	(be) great, (be) powerful	(être) grand, (être) puissant // (être) grand, puissant	3001	POWERFUL
41	(be) green	(be) green	(être) vert	1425	GREEN
42	(be) happy, (be) joyful	(be) happy, (be) joyful	(être) content, joyeux	1495	HAPPY
43	(be) hard	(be) hard	(être) dur	1884	HARD
44	(be) healthy, (be) well	(be) healthy, (be) well	(être) bien portant	1364	HEALTHY
45	(be) heavy	(be) heavy	(être) lourd	1210	HEAVY
46	(be) high	(be) high	(être) haut	1265	HIGH
47	(be) hollow	(be) hollow	(être) creux	3701	HOLLOW
48	(be) honest	(be) honest	(être) honnête	1120	HONEST
49	(be) hot (objects)	(be) hot (objects)	(être) chaud		
50	(be) hot (of person)	(be) hot (of person)	(avoir) chaud		
51	(be) hungry, hunger (v)	(be) hungry, hunger (v)	(avoir) faim	1533	BE HUNGRY
52	(be) impatient	(be) impatient	(être) impatient	3885	IMPATIENT
53	(be) impotent	(be) impotent	(être) impuissant // impuissant, faible	1601	WEAK
54	(be) inexpensive	(be) inexpensive	(être) bon marché	1887	CHEAP
55	(be) jealous	(be) jealous	(être) jaloux	2821	JEALOUS
56	(be) kind	(be) kind	(être) gentil // (être) gentil, bon	3299	KIND
57	(be) last	(be) last	(être) dernier	1529	LAST (FINAL)
58	(be) lazy	(be) lazy	(être) paresseux	1564	LAZY
59	(be) light (not heavy)	(be) light (not heavy)	(être) léger	1052	LIGHT (WEIGHT)
60	(be) long	(be) long	(être) long	1203	LONG
61	(be) lost	(be) lost	(être) perdu // (être) perdu, égaré	3667	LOST
62	(be) low	(be) low	(être) bas	721	LOW
63	(be) mad	(be) mad	(être) fou		
64	(be) mature	(be) mature	(être) mûr, mature // mûrir		
65	(be) naked	(be) naked	(être) nu	590	NAKED
66	(be) narrow	(be) narrow	(être) étroit	1267	NARROW
67	(be) new	(be) new	(être) nouveau, neuf	1231	NEW
68	(be) old (not new)	(be) old (not new)	(être) vieux, ancien	2113	OLD (USED)
69	(be) old (not young)	(be) old (not young)	(être) vieux	2112	OLD (AGED)
70	(be) open	(be) open	(être) ouvert	3235	OPEN (STATE)
71	(be) patient	(be) patient	(être) patient // patienter	3884	PATIENT
72	(be) perfect	(be) perfect	(être) parfait		
73	(be) poor	(be) poor	(être) pauvre	1674	POOR
74	(be) pregnant	(be) pregnant	(être) enceinte, en grossesse // (être) enceinte, en grossesse; (être) enceinte, en grossesse	1123	PREGNANT
75	(be) proud	(be) proud	(être) fier	174	PROUD
76	(be) red	(be) red	(être) rouge	156	RED
77	(be) restless, (be) unsettled	(be) restless, (be) unsettled	(être) agité		
78	(be) rich	(be) rich	(être) riche	712	RICH
79	(be) rotten	(be) rotten	(être) pourri, gâté	1728	ROTTEN
80	(be) rough	(be) rough	(être) rugueux // (être) rugueux, raboteux	1923	ROUGH
81	(be) round	(be) round	(être) rond	1395	ROUND
82	(be) sad	(be) sad	(être) triste	699	SAD
83	(be) same	(be) same	(être) le même	200	SAME
84	(be) sated	(be) sated	(être) rassasié	106	SATIATED
85	(be) seated	(be) seated	(être) assis	1416	SIT
86	(be) second	(be) second	(être) deuxième	1384	SECOND
87	(be) shallow	(be) shallow	(être) peu profond	193	SHALLOW
88	(be) sharp	(be) sharp	(être) pointu	1396	SHARP
89	(be) short	(be) short	(être) court	1645	SHORT
90	(be) shy	(be) shy	(être) timide	487	SHY
91	(be) sick, (be) ill	(be) sick, (be) ill	(être) malade	1847	SICK
92	(be) silent	(be) silent	se taire, (être) silencieux	48	BE SILENT
93	(be) sleepy	(be) sleepy	(avoir) sommeil	3620	SLEEPY
94	(be) slippery	(be) slippery	(être) glissant	3702	SLIPPERY
95	(be) slow	(be) slow	(être) lent	701	SLOW
96	(be) small	(be) small	(être) petit	1246	SMALL
97	(be) smoked	(be) smoked	(être) fumé // (être) fumé**		
98	(be) smooth	(be) smooth	(être) lisse	1234	SMOOTH
99	(be) soft	(be) soft	(être) mou	1856	SOFT
100	(be) sour	(be) sour	(être) acide, sur, aigre // (être) acide, sûr, aigre // (être) aigre	1906	SOUR
101	(be) sticky	(be) sticky	(être) gluant, poisseux	3703	STICKY
102	(be) straight	(be) straight	(être) droit	1404	STRAIGHT
103	(be) strong	(be) strong	(être) fort		
104	(be) stupid	(be) stupid	(être) stupide, bête // (être) stupide, bête,fou	1518	STUPID
105	(be) surprised, (be) startled	(be) surprised, (be) startled	(être) surpris		
106	(be) tasty, (be) sweet	(be) tasty, (be) sweet	(être) bon (au gout), sucré	717	SWEET
107	(be) thin	(be) thin	(être) maigre, mince // (être) mince	1400	THIN (SLIM)
108	(be) third	(be) third	(être) troisième	1859	THIRD
109	(be) thirsty, thirst (v)	(be) thirsty, thirst (v)	(avoir) soif	3474	BE THIRSTY
110	(be) tight	(be) tight	(être) serré	3053	TIGHT
111	(be) tired	(be) tired	(être) fatigué	1757	TIRED
112	(be) together	(be) together	(être) ensemble	2482	TOGETHER
113	(be) ugly	(be) ugly	(être) laid	1548	UGLY
114	(be) unconscious	(be) unconscious	sans connaissance, évanoui		
115	(be) unripe	(be) unripe	(être) non-mûr, vert	1958	UNRIPE
116	(be) weak	(be) weak	(être) faible	1601	WEAK
117	(be) wet	(be) wet	(être) mouillé	1726	WET
118	(be) white	(be) white	(être) blanc	1335	WHITE
119	(be) wicked	(be) wicked	(être) méchant	45	EVIL
120	(be) wide	(be) wide	(être) large	1243	WIDE
121	(be) wise	(be) wise	(être) sage // sagesse	698	WISE
122	(be) wrong	(be) wrong	(avoir) tort // avoir tort	1390	WRONG
123	(be) yellow	(be) yellow	(être) jaune	1424	YELLOW
124	(be) young	(be) young	(être) jeune	1207	YOUNG
125	Friday	Friday	vendredi	1692	FRIDAY
126	God	God	Dieu	1944	GOD
127	God (supreme being)	God (supreme being)	Dieu (être suprême)	3231	DEITY
128	I	I	1s // je // je, moi // moi	1209	I
129	Monday	Monday	lundi	1697	MONDAY
130	Saturday	Saturday	samedi	1700	SATURDAY
131	Sunday	Sunday	dimanche	1699	SUNDAY
132	Thursday	Thursday	jeudi // jeudi (jour de marché du village)	1693	THURSDAY
133	Tuesday	Tuesday	mardi // mardi (jour de marché du village)	1695	TUESDAY
134	Wednesday	Wednesday	mercredi	1694	WEDNESDAY
135	abandon	abandon	abandonner	1097	ABANDON
136	abdomen (external)	abdomen (external)	estomac // estomac, abdomen (externe)	1251	BELLY
137	above	above	au-dessus // dessus; en haut // en haut	1741	ABOVE
138	abscess	abscess	abcès		
139	abstain	abstain	abstenir // s'abstenir	303	ABSTAIN FROM FOOD
140	accept, receive	accept, receive	accepter, recevoir	694	GET
141	accompany	accompany	accompager // accompagner	1542	ACCOMPANY
142	account (report) (n)	account (report) (n)	rapport, compte rendu		
143	accumulate	accumulate	accumuler		
144	accuse	accuse	accuser	1814	ACCUSE
145	act, do	act, do	faire // faire, agir	813	DO
146	add	add	ajouter	2882	ADD
147	admire	admire	admirer		
148	admit (to a wrong)	admit (to a wrong)	admettre (un faute) // admettre (un tort)	2022	ADMIT
149	adult	adult	adulte	3635	ADULT
150	advise	advise	conseiller		
151	after	after	après // faire du progrès	1685	AFTER
152	afternoon	afternoon	après-midi // soirée	1807	AFTERNOON
153	again	again	de nouveau // encore	204	AGAIN
154	agama lizard (red-headed)	agama lizard (red-headed)	margouillat	2355	GECKO
155	agree	agree	(être) d'accord // se mettre d'accord	3643	AGREE
156	agreement	agreement	accord // d'accord	3644	AGREEMENT
157	air (breathed)	air (breathed)	air (respiré)	27	AIR
158	all	all	tous // tout // tout, tous // tout; tous	98	ALL
159	allow, permit	allow, permit	permettre	3237	ALLOW OR PERMIT
160	also	also	aussi // de même // en même temps		
161	alter, change (tr)	alter, change (tr)	changer (tr), modifier	2856	CHANGE (SOMETHING)
162	always	always	toujours	1676	ALWAYS
163	ancestor	ancestor	ancêtre	1669	ANCESTORS
164	and	and	avec // avec, et // et // et ; avec // et alors	1577	AND
165	animal	 // animal	animal // type d' animal	619	ANIMAL
166	ankle	ankle	cheville // cheville ; os de cheville // cheville de pied	803	ANKLE
167	ankle ring, bangle	ankle ring, bangle	anneau de cheville		
168	announce	announce	annoncer // annoncer ; proclamer	9	ANNOUNCE
169	announcement	announcement	annonce // nouvelles		
170	annoy, disturb	annoy, disturb	embêter, déranger	2869	BOTHER (HARASS)
171	answer, reply (v)	answer, reply (v)	répondre	1275	ANSWER
172	ant	ant	fourmi // fourmi très piquante // fourmis // petite fourmi	587	ANT
173	antelope	antelope	antelope // antilope	3674	ANTELOPE
174	anus	 // anus	anus // anus_extérieur // anus_intérieur	1935	ANUS
175	anvil	anvil	enclume	1648	ANVIL
176	appease, pacify	appease, pacify	apaiser // appaiser		
177	appeler		appeler	1084	CALL
178	apply (ointment), besmear	apply (ointment), besmear	enduire // s'enduire	3650	APPLY (OINTMENT)
179	approach (v)	approach (v)	s'approcher // s`approcher	1778	APPROACH
180	argue	argue	discuter // disputer // se disputer	3302	QUARREL (VERB)
181	argument	argument	argument, dispute // discussion // dispute		
182	arm	arm	bras // |uc{main, bras} - de l'épaule jusqu'au bout des doigts	1673	ARM
183	armpit	armpit	aisselle	1886	ARMPIT
184	army	army	armée	1561	ARMY
185	arrange	arrange	arranger // arranger ; régler // arranger, mettre en ordre	1568	ARRANGE
186	arrive	arrive	arriver	1387	ARRIVE
187	arrow	arrow	flèche	977	ARROW
188	ashes	ashes	ceindre // cendres	646	ASH
189	ask, request	ask, request	ask for help // demander	1828	ASK (REQUEST)
190	assemble, meet	assemble, meet	se rassembler	1831	MEET
191	at	at	chez // sur // à	1461	AT
192	avoid	avoid	esquiver // éviter	3639	AVOID
193	axe	axe	hache	677	AXE
194	baboon	baboon	babouin // babouin ; cynocéphale	1197	BABOON
195	baby	baby	bébé // bébé, nourrisson // enfant	1289	BABY
196	baby sling	baby sling	écharpe (pour porter bébé)		
197	bachelor	bachelor	célibataire // célibataire (homme)		
198	back	back	dos	1291	BACK
199	backward (direction)	backward (direction)	en arrière	2911	BACKWARD
200	bad	bad	mal // mal préparé // mauvais // méchant	1292	BAD
201	bag	bag	sac // sac; poche // sac; quelque chose de tressé qui peut être utilisé soit pour une porte-monnaie, soit pour taper le mil pendant sa murissage // sacoche	2468	BAG
202	bamboo	bamboo	bambou	1927	BAMBOO
203	banana	banana	banane	868	BANANA
204	baobab tree	baobab tree	baobab	997	BAOBAB TREE
205	bare, show (teeth)	bare, show (teeth)	montrer les dents		
206	bark (as dog) (v)	bark (as dog) (v)	aboyer (comme un chien)	1206	BARKING
207	bark (of tree)	bark (of tree)	écorce (d'arbre)	1204	BARK
208	barren woman	barren woman	femme stérile		
209	basket	basket	corbeille // panier // panier (sans trous) // panier à récolte // panier à récolte; panier à récolte fait de morceaux de bois, pour porter les épis de mil // panier(avec_trous) // panier, corbeille // panier; petit panier rond en écorce de fv:tselew; panier fait des tiges de mil	1539	BASKET
210	bat	bat	chauve-souris // chauve-souris ; anomalure // chauve-souris(gros) // grande chauve-souris	1793	BAT
211	bathe (intr)	bathe (intr)	se laver		
212	bathing place	bathing place	douche		
213	bead	bead	perle	1860	BEAD
214	beak, bill	beak, bill	bec	73	BEAK
215	bean	bean	fève; |uc{arachide} // haricot // haricot sauvage	832	BEAN
216	bear (child), give birth	bear (child), give birth	accoucher // accoucher, donner naissance	1195	GIVE BIRTH
217	beard	beard	barbe	678	BEARD
218	beat (drum)	beat (drum)	battre (tambour)		
219	because	because	parce que // parce que (pourque) // parce_que // parce_que ; car // à cause de	1157	BECAUSE
220	become	become	devenir	1990	BECOME
221	become old (age)	become old (age)	vieillir		
222	bed	bed	lit // lit traditionnel fait d´un morceau du tronc d´arbre	1663	BED
223	bedbug	bedbug	punaise // punaise (de lit)	1949	BEDBUG
224	bedroom	bedroom	chambre (à dormir)	2505	BEDROOM
225	bee	bee	abeille	665	BEE
226	beehive	beehive	ruche	88	BEEHIVE
227	beer	beer	bière // bière_blonde // boisson alcoolique	1639	BEER
228	befit, suit	befit, suit	convenir // convenir ( quelqu'un) // convenir (à quelqu'un)	764	SUIT
229	before	before	avant // avant (de) // avant que // avant, // avant; temporal	1882	BEFORE
230	beg (for money)	beg (for money)	mendier	3534	BEG
231	beggar	beggar	mendiant	1934	BEGGAR
232	begin	begin	commencer // se mettre	1806	BEGIN
233	beginning	beginning	commencement, début // début // premier jour (de la fête)	1557	BEGINNING
234	behind	behind	derrière	1686	BEHIND
235	belch	belch	roter // roti; l'action de faire renvoi // rôter; éructer // éructation // éructer // éructer, rôter	2245	BELCH
236	believe	believe	croire	1890	BELIEVE
237	bell	bell	cloche	2246	BELL
238	bellows	bellows	soufflet	3658	BELLOWS
239	belongings	belongings	biens, possessions	3860	POSSESSIONS
240	below	below	en bas // sous	1485	BELOW OR UNDER
241	bend down, stoop	bend down, stoop	se courber	2761	BEND (ONESELF)
242	bend, crook, curve (n)	bend, crook, curve (n)	courbe	2224	BEND (SOMETHING)
243	beside	beside	côté de // à côté de // à_côté_de; côté // � côté de	1816	BESIDE
244	between	between	entre	689	BETWEEN
245	bicycle	bicycle	bicyclette // vélo	747	BICYCLE
246	big	big	grand // grande // gros // gros et partout // géant // tombant // très_grand // un grand	1202	BIG
247	big drum	big drum	grand tambour // tam-tam		
248	big hoe	big hoe	grande houe		
249	bile, gall	bile, gall	bile	1780	BILE
250	bird	bird	(oiseau) // oiseau // oiseau (esp.) // type d'oiseau	937	BIRD
251	bite (v)	bite (v)	mordre	1403	BITE
252	bitter	bitter	aigre // amer // amère // être amer	887	BITTER
253	black	black	noir	163	BLACK
254	black man	black man	homme noir	2806	BLACK MAN
255	blacksmith	blacksmith	forgeron	1001	BLACKSMITH
256	bladder	bladder	vessie	1746	BLADDER
257	blade (of grass)	blade (of grass)	brin (d'herbe)	2731	NEEDLE (CLASSIFIER)
258	bleed	bleed	saigner	3615	BLEED
259	bless	bless	bénir // bénir, obeïr, se mefier	391	BLESS
260	blessing	blessing	bénissant // bénédiction		
261	blind person	blind person	(un) aveugle // aveugle	457	BLIND PERSON
262	blink	blink	battre les cils // cligner (des yeux)	1655	BLINK
263	blood	blood	sang	946	BLOOD
264	blow	blow	coup // souffler // souffler dans // souffler; activer le feu de la fonderie // souffler_(du vent)	175	BLOW (OF WIND)
265	blow (horn)	blow (horn)	souffler dans (un cor)	176	BLOW (WITH MOUTH)
266	blow away	blow away	s'envoler // s`envoler	176	BLOW (WITH MOUTH)
267	blow nose	blow nose	se moucher	2679	BLOW (WITH NOSE)
268	blow up, inflate	blow up, inflate	gonfler, exploser	1573	SWELL
269	boar	boar	sanglier	1348	BOAR (MALE PIG)
270	boast, brag	boast, brag	se vanter	101	BOAST
271	body	body	cadavre // corps	1480	BODY
272	boil	boil	abcès // bouillir	2493	BOIL
273	boil (food)	boil (food)	bouillir (la nourriture)		
274	boil over	boil over	bouiller à déborder // bouillir à déborder // déborder // faire bouillir		
275	bone	bone	os	1394	BONE
276	bone marrow	bone marrow	moelle // moëlle	1835	MARROW
277	borrow	borrow	emprunter	1823	BORROW
278	bottle	bottle	bouteille	1321	BOTTLE
279	bottom	bottom	fesse // fond // fond ; base ; bas	690	BOTTOM
280	boundary (of field)	boundary (of field)	borne (d'un champ)	1010	BOUNDARY
281	bow	bow	arc // s'incliner	994	BOW
282	bow (as in greeting)	bow (as in greeting)	s'incliner (pour saluer)		
283	bow (hunting)	bow (hunting)	arc (de chasse)	994	BOW
284	bowl	bowl	basin // bol // bol, assiette creuse	1530	BOWL
285	bowstring	bowstring	corde (d'arc) // corde d'arc	2119	BOW STRING
286	box	box	boîte // carton // carton, boîte	1465	BOX
287	boy	boy	garçon	1366	BOY
288	boyfriend	boyfriend	fiancée // petit ami, fiancé		
289	bracelet	 // bracelet	bracelet // bracelet; bracelet au dessus du coude	1754	BRACELET
290	brain	brain	cerveau	1583	BRAIN
291	branch (of tree)	branch (of tree)	branche (d'arbre)	1531	BRANCH
292	bread	bread	pain	1368	BREAD
293	break (tr)	break (tr)	casser	2558	BREAK (CLEAVE)
294	break wind, fart	break wind, fart	péter	1159	FART
295	breakfast	breakfast	petit déjeuner	1322	BREAKFAST
296	breast	breast	mamelle; sein // sein // sein (mamelle)	1402	BREAST
297	breastbone	breastbone	sternum	2810	BREASTBONE
298	breath	breath	souffle // souffle, haleine	870	BREATH
299	breathe	breathe	respirer // souffler	1407	BREATHE
300	bride	bride	mariée	1266	BRIDE
301	bridge	bridge	pont	1011	BRIDGE
302	bridge (of nose)	bridge (of nose)	arête, dos du nez		
303	bring	bring	amener // apporter // apporter, amener	692	BRING
304	bring up (a child)	bring up (a child)	élever (un enfant)	2134	RAISE (BRING UP)
305	brook, stream	brook, stream	ruisseau	947	STREAM
306	broom	broom	balai	245	BROOM
307	brother	brother	frère	1262	BROTHER
308	brother-in-law	brother-in-law	beau-frère	2314	BROTHER-IN-LAW
309	bucket, pail	bucket, pail	seau	2052	BUCKET
310	bud	bud	bourgeon // bourgeonner // fleurir	1684	BUD
311	buffalo	buffalo	buffle	934	BUFFALO
312	build	build	construire // construire ; bâtir une case // construire, bâtir	1840	BUILD
313	bull	bull	taureau	1008	BULL
314	burn	burn	brûler // brûler plusieurs fois // calciner // se brûler	2102	BURN
315	burn (intr)	burn (intr)	brûler (intransitif)	1428	BURNING
316	burn (n)	burn (n)	brûlure	3622	BURN (INJURY)
317	burst	burst	exploser // s'éclater ; crever ; se fendre // s'éclorer // éclater	3020	BREAK (BREAKING)
318	bury	bury	enterrer // enterrer, ensevelir	1719	BURY
319	bush	bush	(arbre) // (arbuste) // (buisson) // arbuste, buisson // brousse // brousse non-cultivée // buisson	1683	BUSH
320	bush country, rural area	bush country, rural area	brousse, campagne // brousse, campagne, terre	1683	BUSH
321	bush dweller	bush dweller	habitant de la brousse, campagnard // habitant de la brousse, compagnard		
322	butcher (n)	butcher (n)	boucher	2569	BUTCHER
323	butterfly	butterfly	papillon	1791	BUTTERFLY
324	buttock	buttock	fesse	834	BUTTOCKS
325	buy	buy	acheter	1869	BUY
326	cackle (as of chicken)	cackle (as of chicken)	caqueter (p.ex. poule)	3683	CACKLE
327	calabash	calabash	calabasse // calebasse // calebasse, louche; calebasse à manche longue, comme une cuillère // flacon	411	GOURD
328	calf	calf	mollet // veau	1989	CALF
329	calf of leg	calf of leg	mollet	498	CALF OF LEG
330	call	call	appel // appeler	1084	CALL
331	calm (oneself)	calm (oneself)	se calmer		
332	camel	camel	chameau	1871	CAMEL
333	camp, encampment	camp, encampment	campement	1105	CAMP
334	cane rat, cutting grass, grass cutter	cane rat, cutting grass, grass cutter	hérisson		
335	cane, walking stick	cane, walking stick	canne	1296	WALKING STICK
336	canoe	canoe	pirogue // pirogue, canoë	1970	CANOE
337	capsize	capsize	chavirer // se renverser, chavirer		
338	carry (child) on back	carry (child) on back	porter (enfant) sur le dos	465	CARRY ON BACK
339	carry on head	carry on head	porter // porter sur la tête	414	CARRY ON HEAD
340	carve	carve	tailler // tailler à l'herminette	228	CARVE
341	cassava	cassava	manioc	925	CASSAVA
342	castrate	castrate	castrer // châtrer	29	GELD
343	cat	cat	chat	1208	CAT
344	catch (fish) (v)	catch (fish) (v)	prendre (un poisson)		
345	catch (object in air)	catch (object in air)	attraper (un objet dans l'air) // attraper (un objet dans l`air)	702	CATCH
346	caterpillar	caterpillar	chenille // chenille (sorte de)	2247	CATERPILLAR
347	catfish	catfish	poisson // poisson-chat, silure // silure	3777	CATFISH
348	cattle egret	cattle egret	aigrette // garde-bœuf // pic-boeuf		
349	cattle pen	cattle pen	clôture, enclos (de bétail) // enclos (de bétail) // enclos de boeufs		
350	cave	cave	caverne // grotte	1155	CAVE
351	cease, stop	cease, stop	cesser // cesser, s'arrêter // cesser, s`arrêter	1928	CEASE
352	cemetery	cemetery	cimetière	3284	GRAVEYARD
353	centipede	centipede	iule ; mille-pattes // mille-pattes // scolopendre	1974	CENTIPEDE
354	chaff	chaff	balle // déchets de mil battu // résidus végétaux ; menue paille	2363	CHAFF (HUSK)
355	chair	 // chair	chair // chaise	1476	CHAIR
356	chameleon	chameleon	caméléon // chaméléon	1555	CHAMELEON
357	charcoal	charcoal	charbon // charbon de bois	1188	CHARCOAL
358	chase (v)	chase (v)	poursuivre, faire la chasse	1047	PURSUE
359	chat (v)	chat (v)	causer	2903	CHAT (WITH SOMEBODY)
360	cheek	cheek	joue // la joue	1730	CHEEK
361	chest	chest	caisse // coffre // poitrine // thorax	1592	CHEST
362	chew	chew	mâcher // mâcher la viande // ruminer; mâcher	321	CHEW
363	chick	chick	poussin	2512	CHICK
364	chicken	chicken	poulet // poussin	1318	CHICKEN
365	chief	chief	chef	301	CHIEFTAIN
366	chief, headman	chief, headman	chef	301	CHIEFTAIN
367	child	child	enfant // petit	2099	CHILD
368	chin	chin	menton	1510	CHIN
369	choke	choke	s'étrangler // étouffer	129	CHOKE
370	chop into pieces	chop into pieces	fendre, couper en morceaux	2149	CHOP (INTO PIECES)
371	circumcision (male)	circumcision (male)	circoncision (hommes)	393	CIRCUMCISION
372	civet cat	civet cat	civette	3018	NATIVE CAT
373	clan	 // clan	clan // clan,descendant // parenté	302	CLAN
374	clap (hands)	clap (hands)	se battre les mains	3110	CLAP
375	claw	claw	ergot // griffe // griffe,ongle // pince // talon	72	CLAW
376	clay	clay	argile // potopoto ; argile	1399	CLAY
377	clear (land for planting)	clear (land for planting)	défricher (la terre pour planter)		
378	climb, ascend	climb, ascend	monter, grimper	705	GO UP (ASCEND)
379	clitoris	 // clitoris	clitoris	3257	CLITORIS
380	close	close	(d') à côté // fermer // fermer (un carton)	1046	SHUT
381	cloth	cloth	pagne; vêtements // tissu // tissu qu'on met sous un fardeau pour le porter	1616	CLOTH
382	cloth worn by woman	cloth worn by woman	pagne (de femme)		
383	clothes	clothes	habit // vêtement // vêtements // vêtements, habits	1895	CLOTHES
384	cloud	cloud	nuage	1489	CLOUD
385	coagulate, clot	coagulate, clot	coaguler	2395	CONGEAL (BLOOD)
386	cockroach	cockroach	cafard // cafard(esp.) // cancrelat	1575	COCKROACH
387	cocoyam, taro	cocoyam, taro	taro	351	TARO
388	coffee	coffee	café	1299	COFFEE
389	cohabit (unmarried man and woman)	cohabit (unmarried man and woman)	cohabiter		
390	coil (rope) (v)	coil (rope) (v)	enrouler		
391	cola nut	cola nut	cola // noix de kola		
392	cold	cold	froid // refroidi // rhume	1287	COLD
393	cold weather	cold weather	temps froid	3694	COLD WEATHER
394	colour	colour	couleur	1613	COLOR
395	come	come	venir	1446	COME
396	come (or go) out, exit (v)	come (or go) out, exit (v)	sortir	1107	GO OUT
397	command (n)	command (n)	commande		
398	compound	compound	concession	483	COMPOUND
399	conceive	conceive	concevoir	1087	CONCEIVE
400	condole, comfort (v)	condole, comfort (v)	offrir les condoléances, consoler		
401	congratulate	congratulate	fèliciter // féliciter		
402	conquer, defeat	conquer, defeat	vaincre	782	DEFEAT
403	contradict	contradict	contredire		
404	cook	cook	(faire) cuire, cuisiner // cuire // faire cuire // préparer	1100	COOK (SOMETHING)
405	cook (v)	cook (v)	(faire) cuire, cuisiner	1100	COOK (SOMETHING)
406	cooking pot (earthenware)	cooking pot (earthenware)	marmite (en terre)	3653	COOKING POT
407	cooking stone	cooking stone	pierre à cuire // pierre à cuire***		
408	copper	copper	cuivre	1825	COPPER
409	copulate, have sexual intercourse	copulate, have sexual intercourse	faire l'amour	549	COPULATE
410	corn beer	corn beer	bière de maïs		
411	corn cob	corn cob	epi (de maïs) // épi (de maïs)		
412	corpse	corpse	cadavre	767	CORPSE
413	cotton	cotton	coton	1850	COTTON
414	cough (v)	cough (v)	tousser	879	COUGH
415	count (v)	count (v)	compter	1420	COUNT
416	country, ethnic area	country, ethnic area	pays	1300	COUNTRY
417	courtyard	courtyard	cour // cour_intérieure_de_la_concession	4	COURTYARD
418	cousin	cousin	cousin	1643	COUSIN
419	cover	cover	couverture // couvrir // couvrir légèrement // couvrir; tôler; lisser // se couvrir	761	COVER
420	cover (v)	cover (v)	couvrir	761	COVER
421	cow	cow	boeuf // bovin, vache // vache // vache; boeuf	1007	COW
422	coward	coward	lâche // lâche, poltron	1319	COWARD
423	cowrie shell	cowrie shell	cauri // cauris	3663	COWRIE SHELL
424	crab	crab	crabe	2348	CRAB
425	crawl	crawl	marcher à quatre pattes // ramper // ramper (enfant) // ramper, marcher  quatre pattes // ramper, marcher à quatre pattes	96	CRAWL
426	crawl (lizard)	crawl (lizard)	ramper (lézard)	96	CRAWL
427	create	create	creàer // crèer // créer		
428	crevice	crevice	fissure, fente		
429	cricket	cricket	criquet // criquet migrateur // grillon	2354	CRICKET
430	cripple (n)	cripple (n)	estropié	3621	DISABLED PERSON
431	crocodile	 // crocodile	cayman crocodile // crocodile	1857	CROCODILE
432	crop (of bird)	crop (of bird)	jabot		
433	cross (v)	cross (v)	traverser		
434	crossroads, intersection	crossroads, intersection	carrefour		
435	crow	crow	corbeau // corbeau(esp.)	913	CROW
436	crow (as a rooster) (v)	crow (as a rooster) (v)	chanter (p.ex. coq)	2074	CROW (VERB)
437	crowd	crowd	foule	2023	CROWD
438	crown (of head)	crown (of head)	sommet de la tête		
439	crunch	crunch	croquer		
440	crush (tr)	crush (tr)	écraser	1520	CRUSH
441	cry, weep	cry, weep	pleurer	1839	CRY
442	cultivate	cultivate	cultiver	1541	CULTIVATE
443	cup	cup	gobelet // gobelet, coupe, tasse // tasse // type de calebasse // verre	476	CUP
444	curdled milk, cottage cheese	curdled milk, cottage cheese	lait caillé		
445	current (river, stream)	current (river, stream)	courant	2935	CURRENT (STREAM)
446	curse	curse	malédiction // malédiction; recevoir un affront // maudire	8	CURSE
447	curse (n)	curse (n)	malédiction		
448	curse (v)	curse (v)	maudire	8	CURSE
449	curve, bend (v) (tr)	curve, bend (v) (tr)	courber		
450	cut	cut	couper // couper; abattre // coupé // diviser; couper // fendre une fois ; taper pour couper avec une lame // plaie // tailler; calomnier	1432	CUT
451	cut (hair)	cut (hair)	couper (cheveux) // se couper les cheveux, se coiffer // se faire couper les cheveux, se coiffer	2155	CUT (WITH SCISSORS)
452	cut (tr)	cut (tr)	couper	1432	CUT
453	cut down (tree)	cut down (tree)	abattre (un arbre)	355	CUT DOWN
454	cut open	cut open	fendre, ouvrir avec un couteau	3080	SPLIT OPEN
455	dance	dance	danse // danser	1879	DANCE
456	dance (n)	dance (n)	danse (n)	3472	DANCE (MOVEMENT)
457	dance (v)	dance (v)	danser	1879	DANCE
458	darkness	darkness	obscurité	11	DARKNESS
459	date	date	datte	3801	DATE (FRUIT)
460	date palm	date palm	dattier		
461	daughter	daughter	fille	1357	DAUGHTER
462	daughter-in-law	daughter-in-law	belle-fille	1057	DAUGHTER-IN-LAW
463	dawn	dawn	aube // l’aube	729	DAWN
464	day	day	jour // jour; moment // journée	1225	DAY (NOT NIGHT)
465	day after tomorrow	day after tomorrow	après-demain // après-demain ; surlendemain; aprés-demain	1179	DAY AFTER TOMORROW
466	day before yesterday	day before yesterday	avant hier, il y a quelque temps ; l´autre jour // avant-hier	1180	DAY BEFORE YESTERDAY
467	deaf mute	deaf mute	sourd-muet	458	DEAF PERSON
468	deaf person	deaf person	(un) sourd // une personne sourde	458	DEAF PERSON
469	death	death	(la) mort // la mort // mort	910	DEATH
470	debt	debt	dette	1914	DEBT
471	deceive	deceive	a) flatter avec l´intention de persuader la personne de te donner qqch. b) tromper // induire // tromper	3230	DECEIVE
472	decide	decide	décider // décider; Ils décident de faire qqch.	685	DECIDE
473	decorate	decorate	décorer	1739	DECORATE
474	decrease (intr)	decrease (intr)	diminuer (intr)		
475	deepen	deepen	approfondir // profondir		
476	defecate	defecate	déféquer // déféquer, chier	676	SHIT (DEFECATE)
477	demon, evil spirit	demon, evil spirit	démon, esprit mauvais	1973	DEMON
478	deny	deny	nier	755	DENY
479	descend, go down	descend, go down	descendre	2014	GO DOWN (DESCEND)
480	descendant	descendant	descendant	490	DESCENDANTS
481	desert	 // desert	desert // désert // terrain désertique	3687	DESERT
482	destroy, spoil	destroy, spoil	détruire, gâter	681	DESTROY
483	dew	dew	rosée	1977	DEW
484	diarrhea	diarrhea	diarrhée	1177	DIARRHEA
485	die	die	mourir	1494	DIE
486	difficult	difficult	difficile	584	DIFFICULT
487	dig	dig	creuser // creuser, enterrement // piocher	1418	DIG
488	diminish	diminish	diminuer, réduire	1184	DIMINISH
489	dip	dip	plonger, tremper // plonger, tremper (dans l'eau) // plonger, tremper (dans l`eau) // prendre_de_la_sauce // tremper qch	3697	DIP
490	dirt, soil	dirt, soil	sol // terre // terre, plancher, sol // terre, sol	1228	EARTH (SOIL)
491	disappear	disappear	disparaître	485	DISAPPEAR
492	ditch	ditch	fosse // fosse de l'argile // fossé, rigole	2002	DITCH
493	dive	dive	plonger	119	DIVE
494	divide, separate (tr)	divide, separate (tr)	diviser // diviser, séparer	1119	DIVIDE
495	diviner, fortune-teller	diviner, fortune-teller	devin // devin, diseur		
496	divorce (v)	divorce (v)	divorcer	3672	DIVORCE (SEPARATE)
497	dog	dog	chien	2009	DOG
498	domesticate, tame	domesticate, tame	domestiquer, apprivoiser	3901	TAMING
499	donkey	donkey	ane // âne	1862	DONKEY
500	donner		donner	1447	GIVE
501	door	door	porte // porte; seuil	1567	DOOR
502	doorway	doorway	entrée, seuil // entrée; porte	1567	DOOR
503	dove	dove	colombe // tourterelle	1853	DOVE
504	down	down	en bas	1326	DOWN
505	drag	drag	tirer // trainer // traîner	2030	DRAG
506	dragonfly	dragonfly	libellule // libéllule	2352	DRAGONFLY
507	draw water	draw water	puiser (l'eau) // puiser de l'eau	1911	DRAW (WATER)
508	dream (n)	dream (n)	rêve	2374	DREAM
509	dress (v)	dress (v)	s'habiller, se vêtir	814	DRESS UP
510	drink	drink	boire // boire sans avaler // boire une boisson // boisson // boisson; boisson non-alcoolisée // boisson; non-fermentée	1401	DRINK
511	drip	drip	dégoutter, égoutter // goutter // tomber // tomber en gouttes // égoutter // égoutter, pleurer un peu	808	DRIP (FALL IN GLOBULES)
512	drive away	drive away	chasser // chasser ; écarter	30	DISPEL
513	drizzle	drizzle	pleuvoir en goutelettes // pluie fine, bruine // tomber en petites gouttes	1016	DRIZZLE
514	drought, famine	drought, famine	sécheresse, famine, disette	199	FAMINE
515	dry	dry	saison sèche, comme à la // se sécher // sec // secher // sécher	1398	DRY
516	dry (intr)	dry (intr)	sécher		
517	dry season	dry season	saison sèche // saison_sèche	452	DRY SEASON
518	dry up, evaporate	dry up, evaporate	tarir, évaporer	1786	DRY UP
519	duck	duck	canard	1360	DUCK
520	dung beetle	dung beetle	bousier // espace de scarabée		
521	dust	dust	poussière // poussière nuageuse // poussière par terre // terre poussiéreuse	2	DUST
522	dwarf	dwarf	nain		
523	dwell, inhabit	dwell, inhabit	habiter	363	DWELL (LIVE, RESIDE)
524	eagle	eagle	aigle	1905	EAGLE
525	ear	ear	oreille	1247	EAR
526	earache	earache	mal à l'oreille		
527	early	early	de_bon_matin // tôt // tôt, de bonne heure	672	EARLY
528	earring	earring	boucle d'oreille	770	EARRING
529	earthworm	earthworm	ver de terre	2350	EARTHWORM
530	earwax	earwax	cérumen	32	EARWAX
531	east	east	Est // est	1877	EAST
532	eat	eat	croquer // croquer ; manger la viande ou qqch de dure // mangeant (poudre) // manger // manger (de liquide) // manger la boule sans sauce // manger, ronger, user; manger sans croquer	1336	EAT
533	eclipse (moon)	eclipse (moon)	éclipse (de lune)	2285	ECLIPSE
534	edge (n)	edge (n)	bord, marge	863	EDGE
535	egg	egg	oeuf // œuf	744	EGG
536	egg-plant	egg-plant	aubergine	1146	AUBERGINE
537	eggshell	eggshell	coquille d'oeuf // coquille d'œuf	3857	EGGSHELL
538	eight	eight	huit	1705	EIGHT
539	eight (8)	eight (8)	huit (8)	1705	EIGHT
540	eighteen (18)	eighteen (18)	dix-huit (18)	1713	EIGHTEEN
541	eighty (80)	eighty (80)	quatre-vingts (80)	1722	EIGHTY
542	elbow	elbow	coude	981	ELBOW
543	elder	elder	ancien	2112	OLD (AGED)
544	elder brother	elder brother	frère aîné	1759	OLDER BROTHER
545	elder sister	elder sister	sœur aînée	1758	OLDER SISTER
546	elephant	elephant	éléphant	1290	ELEPHANT
547	elephant's trunk	elephant's trunk	trompe (d'éléphant)	3678	ELEPHANT TRUNK
548	eleven (11)	eleven (11)	onze (11)	1706	ELEVEN
549	embers	embers	braise // braises	67	EMBERS
550	end (n)	end (n)	fin	743	END (OF TIME)
551	enemy	enemy	enemie // ennemi // rival	1358	ENEMY
552	enlarge	enlarge	agrandir // élargir		
553	enough	enough	assez // assez, suffisamment // suffisament // suffisant	1881	ENOUGH
554	enter, go in	enter, go in	entrer	749	ENTER
555	entrance hut	entrance hut	case d'entrée		
556	escape	escape	s'echapper // s’échapper; s'esquiver de // échapper, prendre la clé des champs // échapper, s'évader	1615	ESCAPE
557	evade	evade	esquiver, éviter	3639	AVOID
558	even	even	même		
559	evening	evening	soir	1629	EVENING
560	evening meal	evening meal	repas du soir	1833	DINNER (SUPPER)
561	everybody	everybody	tout le monde		
562	everything	everything	tout, toutes choses	98	ALL
563	everywhere	 // everywhere	coulant partout // everywhere // n'importe où // partout // un peu partout	2999	EVERYWHERE
564	evil, badness	evil, badness	mal	45	EVIL
565	ewe	ewe	brebis	1345	EWE
566	exchange (of goods)	exchange (of goods)	échange (de marchandises)		
567	excrement	excrement	excrément // selles	675	FAECES (EXCREMENT)
568	explain	explain	expliquer	1626	EXPLAIN
569	eye	eye	oeil // oeil; oeil ; vision // quelque chose qui sorte avec pression // œil	1248	EYE
570	eyebrow	eyebrow	sourcil // surcil	1173	EYEBROW
571	eyelash	eyelash	cil	1540	EYELASH
572	eyelid	eyelid	paupière // sourcil	17	EYELID
573	face	face	visage	1560	FACE
574	fade	 // fade	fade // faner // perdre l'éclat, se faner // perdre l`éclat, se faner // se délaver (tissu)	2704	FADE (LOOSE COLOR)
575	fail	fail	échouer	3861	FAIL
576	faint	faint	s'évanouir	3616	FAINT (PASS OUT)
577	fall	fall	tomber	1280	FALL
578	fall (intr)	fall (intr)	tomber	1280	FALL
579	family	family	famille // famille (foyer)	194	FAMILY
580	fan (n)	fan (n)	éventail	1971	FAN (OBJECT)
581	fan (v)	fan (v)	éventer	360	FAN (ACTION)
582	far	far	loin // loin, éloigné // éloigné	1406	FAR
583	farmer	farmer	cultivateur	979	FARMER
584	fasten, bind (load)	fasten, bind (load)	attacher, lier (un fardeau)	1094	FASTEN
585	fat	fat	ganglion // graisse // gras // gras ; gros // gros	323	FAT (ORGANIC SUBSTANCE)
586	father	father	papa // père	1217	FATHER
587	father's sister (aunt)	father's sister (aunt)	tante paternelle	2691	PATERNAL AUNT (FATHER'S SISTER)
588	father-in-law	father-in-law	beau-père	1055	FATHER-IN-LAW
589	fear	fear	avoir peur // craindre // crainte // peur	1419	FEAR (BE AFRAID)
590	fear (n)	fear (n)	craindre // crainte	781	FEAR (FRIGHT)
591	feast	feast	festin // fête	131	FESTIVAL
592	feather	feather	plume	1201	FEATHER
593	feel (active)	feel (active)	palper, tâter		
594	feel (passive)	feel (passive)	sentir	1079	FEEL
595	fellow-wife	fellow-wife	co-épouse	3636	CO-WIFE
596	female (sex)	female (sex)	femelle // femelle (sexe)		
597	fence (n)	fence (n)	clôture	1690	FENCE
598	fence in (v)	fence in (v)	clôturer		
599	ferment (alcohol) (v)	ferment (alcohol) (v)	fermenter	3652	FERMENT
600	fertile soil	fertile soil	sol fertile		
601	fetch (firewood)	fetch (firewood)	chercher des fagot // chercher des fagot**** // chercher des fagots		
602	fetish priest	fetish priest	féticheur	394	SHAMAN (FOLK HEALER)
603	fetus	fetus	fœtus		
604	few	few	peu // peu (de) // peu; en petite quantité	1242	FEW
605	field	field	champ // champ, petit	212	FIELD
606	fields	fields	champs		
607	fifteen (15)	fifteen (15)	quinze (15)	1709	FIFTEEN
608	fifty (50)	fifty (50)	cinquante (50)	1717	FIFTY
609	fig tree	fig tree	arbre_figuier // figuier		
610	fight	fight	combattre // lutter // se battre, combattre	1423	FIGHT
611	fill	fill	remplir // se rassasier; remplir	2006	FILL
612	find	find	trouver	719	FIND
613	finger	finger	doigt	1303	FINGER
614	fingernail	fingernail	ongle	1258	FINGERNAIL
615	finish	finish	achever // finir // finir, accomplir // terminer; finir	1766	FINISH
616	finish (v)	finish (v)	finir	1766	FINISH
617	fire	fire	feu // feu; courant électrique // incendie	221	FIRE
618	fireplace	fireplace	foyer	185	FIREPLACE
619	firewood	firewood	bois  brûler // bois de chauffage // bois à brûler // bois � brûler	10	FIREWOOD
620	first	first	avant // d'abord // d’abord // premier	728	FIRST
621	firstborn	firstborn	aîné // premier né // premier-né // premier_né		
622	fish	fish	faire la pêche // poisson // poisson en général // poisson sp. // poisson(esp.) // pêcher	227	FISH
623	fish (v)	fish (v)	pêcher, faire la pêche	2638	FISHING
624	fish bone	fish bone	arête de poisson	3799	FISHBONE
625	fish dam	fish dam	barrage de poissons		
626	fish trap	fish trap	nasse	389	FISH TRAP
627	fish-scale	fish-scale	écaille	266	SCALE
628	fisherman	fisherman	pêcheur	1858	FISHERMAN
629	fishhook	fishhook	hameçon	1074	FISHHOOK
630	fishing line	fishing line	ligne de pêche	19	FISHING LINE
631	fishing net	fishing net	filet (générique) // filet de pêche // filet de pêche, "épervier"	388	FISHNET
632	five	five	cinq	493	FIVE
633	five (5)	five (5)	cinq (5)	493	FIVE
634	five hundred (500)	five hundred (500)	cinq cents (500)	3516	FIVE HUNDRED
635	flame	flame	flamme	889	FLAME
636	flap the wings	flap the wings	battre les ailes		
637	flatten	flatten	aplatir, aplanir // rendre plat		
638	flea	flea	puce // puce(esp.)	232	FLEA
639	flesh	flesh	chair	2259	FLESH
640	float	float	flotter	1574	FLOAT
641	flock (of birds)	flock (of birds)	vol, volée (d'oiseaux)		
642	flock (of sheep, goats)	flock (of sheep, goats)	troupeau (de moutons, de chèvres)	2939	FLOCK (OF ANIMALS)
643	flood (n)	flood (n)	inondation		
644	flour	flour	farine	1594	FLOUR
645	flow	flow	couler // couper d'un seul coup	2003	FLOW
646	flower	flower	fleur	239	FLOWER
647	flute	 // flute	flute // flutte // flûte // flûte vamé // flûte à quatre trous // flûte; flûte jouée par les jeunes hommes, traditionnellement en faisant la cour aux filles // pipeau	777	FLUTE
648	fly	fly	mouche // mouche(esp.) // voler // voler (oiseau) // voler; s'envoler	1441	FLY (MOVE THROUGH AIR)
649	fly (n)	fly (n)	mouche	1504	FLY (INSECT)
650	fly (v)	fly (v)	voler	1441	FLY (MOVE THROUGH AIR)
651	flying ant	flying ant	fourmi volante		
652	foam	foam	mousse // mousser // écume // écumer	1768	FOAM
653	fog	fog	brouillard // brouillard sec // brouillard, brume // brume	249	FOG
654	fold	fold	plier	1470	FOLD
655	follow	follow	suivre	1085	FOLLOW
656	food	food	aliments, nourriture // boule de mil, repas // nourriture // nourriture (Cf.: |fv{-nday}) // nourriture(type); feuille_haricot // repas	256	FOOD
657	foot	foot	patte // pied // pied ; jambe	1301	FOOT
658	footstep	footstep	pas (de pied)	318	FOOTPRINT
659	forbid	forbid	défendre // intedire // interdire	83	FORBID
660	forearm	forearm	avant-bras	446	LOWER ARM
661	forehead	forehead	front // front,nuque	123	FOREHEAD
662	forest	forest	brousse // forêt	420	FOREST
663	forge	 // forge	forge // forger	288	FORGE
664	forget	forget	oublier	1523	FORGET
665	fork (in path)	fork (in path)	bifurcation (de la route)		
666	forty (40)	forty (40)	quarante (40)	1716	FORTY
667	forward (direction)	forward (direction)	en avant	2912	FORWARD
668	four	 // four	four // quatre	1500	FOUR
669	four (4)	four (4)	quatre (4) // quatre (4)s	1500	FOUR
670	four hundred (400)	four hundred (400)	quatre cents (400)		
671	fourteen (14)	fourteen (14)	quatorze (14)	2451	FOURTEEN
672	friend	friend	ami // ami(e) // ami, camarade // mon ami	1325	FRIEND
673	frighten	frighten	effrayer // faire peur	252	FRIGHTEN
674	frog	frog	crapaud // grenouille // grenouille(esp.) // rainette	503	FROG
675	frontier (of ethnic area)	frontier (of ethnic area)	frontière (de pays)	2546	BORDER
676	fruit	 // fruit	donner des graines // fruit // fruit (Cf.: |fv{-nuhw})	1507	FRUIT
677	fruit bat	fruit bat	chauve-souris // roussette (grande chauve-souris)	235	FLYING FOX
678	fry	fry	frire	991	FRY
679	full	full	plein // rempli // rempli ; plein	1429	FULL
680	full moon	full moon	pleine lune	3690	FULL MOON
681	funeral (at occasion of death)	funeral (at occasion of death)	funérailles (à l'occasion de la mort), obsèques	3336	FUNERAL
682	gall bladder	gall bladder	vésicule biliaire	3372	GALL BLADDER
683	game	game	gibier // jeu // sorte de jeu	2467	GAME
684	garbage dump	garbage dump	poubelle // poubelle, voirie // voirie, poubelle		
685	garden	garden	jardin	586	GARDEN
686	garlic	garlic	ail	2368	GARLIC
687	gather	gather	cueillir // cueillir; ramasser; récolter // donner (résultat d'une addition) // prendre // ramasser // rassembler // rassembler, ramasser // récolter	7	GATHER
688	gecko	 // gecko	gecko	2355	GECKO
689	germinate	germinate	germer // germer ; pousser // germiner		
690	get well	get well	guérir // se remettre, se guérir		
691	get, obtain	get, obtain	obtenir, recevoir	694	GET
692	giant	giant	géant		
693	gift	gift	cadeau // cadeau (Cf.: |fv{masalaka}) // cadeau, don // don	2982	GIFT
694	gill	gill	ouïes	1916	GILL
695	giraffe	giraffe	girafe	3089	GIRAFFE
696	girl	girl	(petite) fille, fillette // (petite) fille, fillette,vierge // fille	1646	GIRL
697	give	give	donner // tiens! prends!	1447	GIVE
698	give pain, hurt	give pain, hurt	faire mal	2411	HURT (SOMEBODY)
699	gizzard	gizzard	gésier		
700	gnaw	gnaw	ronger // ronger; manger	2706	GNAW
701	go	go	aller // aller (beaucoup) // aller, marcher, partir // déplacer; marcher; partir // se mettre en route	695	GO
702	go back, return	go back, return	retourner	581	COME BACK
703	go round	go round	contourner		
704	goat	goat	bouc // chèvre // nombreux en parlant de troupeau	1502	GOAT
705	goiter	goiter	goitre	1957	GOITER
706	gold	gold	or	1369	GOLD
707	good	good	bien // bon // bon; bien // être beau	1035	GOOD
708	granary	granary	grenier // grénier	3657	GRANARY
709	granddaughter	granddaughter	petite-fille	1619	GRANDDAUGHTER
710	grandfather	grandfather	grand-père	1383	GRANDFATHER
711	grandmother	grandmother	grand-mère // grandmère	1496	GRANDMOTHER
712	grandson	grandson	petit fils // petit-fils	1618	GRANDSON
713	grass	grass	(herbe) // fourrage; fourrage ; herbes coupées pour les animaux domestiques // herbe // herbe ; fourage	606	GRASS
714	grasshopper	grasshopper	criquet // criquet migrateur // sauterelle	607	GRASSHOPPER
715	grave	 // grave	grave // tombe // tombe, tombeau // tombeau // trou pour cuire des pots (deCol); tombe	1773	GRAVE
716	gravel	gravel	gravier	3028	GRAVEL
717	greet	greet	accueillir // saluer	3552	GREET
718	grind	grind	broyer // grincer // moudre // écraser	1033	GRIND
719	grinding stone	grinding stone	pierre  moudre // pierre à moudre // pierre à moudre**	2459	GRINDSTONE
720	groan (with pain)	groan (with pain)	gémir (de douleur)	716	GROAN
721	groom	groom	marié	3282	GROOM
722	ground, land	ground, land	sol // terre	2159	GROUND
723	groundnut	groundnut	arachide	595	GROUNDNUT (PEANUT)
724	grow (of plants)	grow (of plants)	pousser (plantes)	479	GROW
725	grow up	grow up	grandir // grandir; grossir	552	GROW UP
726	growl	growl	grognement // grogner // gronder	3679	GROWL
727	guava	guava	goyave // goyave; goyavier		
728	guest, visitor	guest, visitor	hôte, convié // hôte, convié, visiteur, "étranger" // visiteur, "étranger"	1782	GUEST
729	guide (n)	guide (n)	guide		
730	guinea corn	guinea corn	millet de Guinée, petit mil	347	SORGHUM
731	guinea fowl	guinea fowl	pintade	456	GUINEA FOWL
732	gun	gun	fusil	1566	GUN
733	hail	hail	grêle	609	HAIL
734	hair	hair	cheveu // cheveux // cheveux; poils // poil // poils	1040	HAIR
735	hair (of body)	hair (of body)	poil (du corps)	189	HAIR (BODY)
736	hair (of head)	hair (of head)	cheveux (de tête)	2648	HAIR (HEAD)
737	half	half	demi // moitié	816	HALF
738	hammer	hammer	marteau	1481	HAMMER
739	hand	hand	main	1277	HAND
740	handle	handle	manche // manche d'un outil // poignée, manche, anse	1254	HANDLE
741	hang up	hang up	accrocher	357	HANG UP
742	harden	harden	durcir // endurcir		
743	hardship, distress	hardship, distress	difficulté, détresse // difficulté, détresse,souffrance		
744	hare	hare	le lapin // lièvre	1190	HARE
745	harmattan	harmattan	harmattan	451	HARMATTAN
746	harp	harp	guitare; harpe // harpe // harpe, cithère	2597	HARP
747	harvest (maize) (v)	harvest (maize) (v)	récolter (le maïs)	1827	HARVEST CROPS
748	harvest (n)	harvest (n)	moisson, récolte		
749	harvest, collect (honey from hive)	harvest, collect (honey from hive)	cueillir (le miel)	3327	AUTUMN OR HARVEST SEASON
750	harvest, dig up (yams)	harvest, dig up (yams)	récolter, déterrer (ignames)	3327	AUTUMN OR HARVEST SEASON
751	hasten, hurry	hasten, hurry	se dépêcher	754	HURRY
752	hat	hat	chapeau // chapeau (pour les hommes) // chapeau; bonnet	771	HAT
753	hatch	hatch	couvée // éclore	3116	HATCH (OUT)
754	hate (v)	hate (v)	haïr, détester	1607	HATE
755	have	have	avoir, posséder	773	HAVE
756	hawk	hawk	épervier // épervier (oiseau) // épervier, faucon	307	HAWK
757	he-goat, billy goat	he-goat, billy goat	bouc	2475	MALE GOAT
758	head	head	tête	1256	HEAD
759	head of arrow	head of arrow	fer, pointe (de flèche)	3255	POINT (POINTED END)
760	headache	headache	mal de tête; |uc{pensée:} // maux de tête	3625	HEADACHE
761	headpad	headpad	coussinet de portage // support		
762	heal (trans.), cure (v)	heal (trans.), cure (v)	guérir		
763	heap up	heap up	entasser	1576	PILE UP
764	hear	hear	entendre	1408	HEAR
765	heart	heart	coeur // coeur; colère // cœur	1223	HEART
766	heavy	heavy	lourd // lourd; pesant	1210	HEAVY
767	heel	heel	talon	980	HEEL
768	heifer	heifer	génisse		
769	hello	hello	bonjour // salut! bonjour! // salut!, bonjour!	3553	HELLO
770	help	help	aide // aider // aider ; aller au secours ; se presser, se précipiter	1897	HELP
771	hem (n)	hem (n)	ourlet, bord		
772	hen	hen	poule // poule, coq	1514	HEN
773	herd (cattle, sheep) (n)	herd (cattle, sheep) (n)	troupeau (bœufs, moutons)	1153	CATTLE
774	herd (of cattle)	herd (of cattle)	troupeau (de bœufs)	1153	CATTLE
775	here	here	(|fi{destination}) vers ici // (|fi{lieu}) ici // ici // lɑè // voici	136	HERE
776	hernia	hernia	hernie		
777	heron	heron	héron // héron ; marabout // héron cendré	758	HERON
778	hesitate	hesitate	hésiter	3629	HESITATE
779	hiccough (n)	hiccough (n)	hoquet // hoqueter		
780	hide (of animal)	hide (of animal)	peau (d'animal)	2614	SKIN (ANIMAL)
781	hide (tr)	hide (tr)	cacher	602	HIDE (CONCEAL)
782	hill	hill	colline // colline, monticule	614	HILL
783	hip	hip	hanche	1745	HIP
784	hippopotamus	hippopotamus	hippopotame	3145	HIPPOPOTAMUS
785	hit, beat (with stick/spear)	hit, beat (with stick/spear)	frapper, battre (avec un bâton)	1433	HIT
786	hit, strike (with hand)	hit, strike (with hand)	frapper, battre (avec la main)	1433	HIT
787	hoe (n)	hoe (n)	houe	284	HOE
788	hold	hold	tenir // tenir bien	1448	HOLD
789	hole	hole	fenêtre // trou // trou d'animal // trou d'argile // trou dans l'oreille // trou trop ouvert // trou_(dans le sol)	1667	HOLE
790	honey	honey	miel	942	HONEY
791	honour (v)	honour (v)	honorer	3628	HONOR (SOMEBODY)
792	hoof	hoof	sabot	152	HOOF
793	hope (v)	hope (v)	espérer	3212	HOPE (SOMETHING)
794	horn	horn	cor // corne // corne_musicale	1393	HORN (ANATOMY)
795	horn (musical instrument)	horn (musical instrument)	cor	939	HORN (INSTRUMENT)
796	horse	horse	cheval	615	HORSE
797	host	host	hôte (qui accueille)	1545	HOST
798	hot weather	hot weather	temps chaud	3693	HOT WEATHER
799	house	house	chez // maison	1252	HOUSE
800	how many?	how many?	combien // combien?	822	HOW MANY
801	how?	how?	comment // comment?	1239	HOW
802	hump (of cow)	hump (of cow)	bosse (de vache)	534	HUMP
803	hump (of hunchback)	hump (of hunchback)	bosse	534	HUMP
804	hunchback	hunchback	bossu	99	HUNCHBACK
805	hundred	hundred	cent	1634	HUNDRED
806	hundred (100)	hundred (100)	cent // cent (100)	1634	HUNDRED
807	hunger	hunger	faim // famine; faim	1864	HUNGER
808	hunt (n)	hunt (n)	chasse		
809	hunt (v)	hunt (v)	chasser	1435	HUNT
810	hunter	hunter	chasseur // spécialiste en chasse	1053	HUNTER
811	hunting net	hunting net	filet de chasse		
812	hurt oneself	hurt oneself	se blesser		
813	husband	husband	mari // mari, mâle // mari, époux // maître; mari	1200	HUSBAND
814	husk (corn) (v)	husk (corn) (v)	décortiquer (maïs)		
815	hut	hut	case // case ; chambre // case, chambre à coucher, pièce // chambre // hutte	1678	HUT
816	hyena	hyena	hyène // l'hyène	1799	HYENA
817	if	if	dans le cas que // lorsque // si // si; quand	1459	IF
818	illness, disease	illness, disease	maladie	1986	DISEASE
819	imitate	imitate	imiter	117	IMITATE
820	in front of, before	in front of, before	devant	1883	IN FRONT OF
821	increase (intr)	increase (intr)	augmenter (intr)	1041	INCREASE
822	incubate, set on eggs	incubate, set on eggs	couver	2075	BROOD (VERB)
823	inherit	inherit	hériter	3664	INHERIT
824	inheritance	inheritance	héritage		
825	insect	insect	charançon // insecte // insecte(esp.)	620	INSECT
826	inside	inside	dedans // intérieur // là-dedans // à l' intérieure // à l'intérieur	1606	INSIDE
827	insult (n)	insult (n)	insulte		
828	insult (v)	insult (v)	insulter	3204	INSULT
829	intestinal worm	intestinal worm	ténia (ver) // ver intestinal // vermiforme	3623	INTESTINAL WORM
830	intestines	intestines	intestins	1991	INTESTINES
831	invite	invite	invite // inviter	1611	INVITE
832	invite, assemble (people)	invite, assemble (people)	inviter, rassembler	1611	INVITE
833	iron	iron	fer // fer à repassage // fer, métal // repasser	621	IRON
834	island	island	île	622	ISLAND
835	itch (the itch)	itch (the itch)	démangeaison		
836	jackal	jackal	chacal	3313	JACKAL
837	jaw	jaw	machoir // mâchoire	798	JAW
838	join, put together	join, put together	joindre, unir, relier	1743	JOIN
839	journey (n)	journey (n)	voyage		
840	judge (v)	judge (v)	juger	1818	ADJUDICATE
841	juice	juice	jus // presser	1499	JUICE
842	jump (v)	jump (v)	sauter	1829	JUMP
843	keep, store	keep, store	garder, emmagasiner	1477	KEEP
844	kernel (of corn, maize)	kernel (of corn, maize)	grain (de maïs)		
845	kick	kick	coup de pied // donner un coup de pied // heurter_de_pied	1135	KICK
846	kid	kid	cabri, chevreau // gosse // petite chèvre	1972	KID
847	kidney	kidney	rein // rognon	489	KIDNEY
848	kill, murder	kill, murder	tuer	1417	KILL
849	kitchen	kitchen	cuisine	1365	KITCHEN
850	kitten	kitten	chaton		
851	knead	knead	pétrir	274	KNEAD
852	knee	knee	genou	1371	KNEE
853	kneel	kneel	agenouiller // agénouiller // s'agenouiller	66	KNEEL
854	knife	knife	couteau // coutelas	1352	KNIFE
855	knock down	knock down	gauler // renverser, terrasser		
856	knot	knot	noeud // nouer // nœud	760	KNOT
857	knot (in wood)	knot (in wood)	noeud (en bois) // nœud (en bois)		
858	know	know	connaître, savoir // connaître; savoir // savoir // savoir, connaître // savoir; savoir ou connaître	3626	KNOW
859	knowledge	knowledge	connaissance	3874	KNOWLEDGE
860	knuckle, joint	knuckle, joint	articulation, jointure	999	JOINT
861	lack (v)	lack (v)	manquer	2329	LACK (NOT HAVE)
862	ladder	ladder	échelle	1464	LADDER
863	ladle	ladle	louche	2657	LADLE
864	lake	lake	lac // lac ; mare ; étang // mer	624	LAKE
865	lamb	lamb	agneau	820	LAMB
866	lamp, torch	lamp, torch	lampe, torche	2131	TORCH OR LAMP
867	lance (spear) (n)	lance (spear) (n)	lance (épée)	945	SPEAR
868	language	language	langue // langue, langage // langue, language // parole	1307	LANGUAGE
869	last year	last year	l'an passé // l'année dernière // l'année passée	514	LAST YEAR
870	late	late	tard	477	LATE
871	latrine, toilet	latrine, toilet	latrine, toilette	219	TOILET
872	laugh	laugh	rire	1355	LAUGH
873	law	law	bras aprés l'épaule; loi // loi	1062	LAW
874	lay (eggs)	lay (eggs)	pondre (œuf)	2464	LAY EGGS
875	lead, guide (v)	lead, guide (v)	accompagner // diriger, guider	43	LEAD (GUIDE)
876	leaf	leaf	feuille // feuille (d'arbre) // feuille d'arbre // feuille de la plante appelée (mazyaw) ??; feuille de (méötuàhuèz) ??	628	LEAF
877	lean against (intr)	lean against (intr)	s'appuyer (contre)	3619	LEAN
878	learn	learn	apprendre	504	LEARN
879	leave	leave	laisse ! // laisser // laisser (qqch qqpart) // laisser; laisser qqch // partir // partir ; quitter // repartir	1752	LEAVE
880	leave (place)	leave (place)	quitter // quitter, partir	1752	LEAVE
881	leech	leech	insecte_sangsue // sangsue	2273	LEECH
882	left (direction)	left (direction)	() gauche // (à) gauche // (�) gauche	244	LEFT
883	leftovers	leftovers	crotte; restes de la nourriture // galette // les restes // reste_d'un_repas; détritus // restes // restes de la nourriture		
884	leg	leg	jambe	1297	LEG
885	lemon	lemon	citron	3091	LEMON
886	lend	lend	prêter	582	LEND
887	lengthen	lengthen	rallonger	3700	LENGTHEN
888	leopard	leopard	caracal // leopard // léopard // léopard, panthère // panthère	1139	LEOPARD
889	leprosy	leprosy	lèpre	3624	LEPROSY
890	lick	lick	lécher	319	LICK
891	lie	 // lie	lie // mensonge // mentir	1411	LIE (REST)
892	lie (n) (falsehood)	lie (n) (falsehood)	mensonge	2826	LIE (FALSEHOOD)
893	lie (v) (tell lies)	lie (v) (tell lies)	mentir		
894	lie down	lie down	coucher // s'étaler // se coucher	215	LIE DOWN
895	life	life	vie	210	LIFE
896	lift	lift	se dit de l' action que fait un animal qui sort de sa cachette // soulever	501	LIFT
897	light	light	allumer // allumer (feu) // clair // leàger // lumiere // lumière // léger	1052	LIGHT (WEIGHT)
898	light (fire) (v)	light (fire) (v)	activer (un feu)	737	LIGHT (IGNITE)
899	lightning	lightning	éclair // éclaire	1654	LIGHTNING
900	like	like	aimer // comme // vouloir; aimer	1117	LIKE
901	limp	limp	boiter // boîter // mou	366	LIMP
902	lion	 // lion	lion	1386	LION
903	lip	lip	lèvre	478	LIP
904	listen	listen	écouter	1608	LISTEN
905	liver	liver	foie	1224	LIVER
906	lizard	lizard	agame // lézard // lézard ; margouillat // lézard esp. // lézard(esp.) // margouillard // margouillat // varan // varan terrestre	632	LIZARD
907	load, burden (n)	load, burden (n)	charge, fardeau	1679	LOAD
908	locust	locust	criquet // criquet ; sauterelle // criquet; sauterelle // locuste // locuste, criquet // sauterelle // sauterelle, locuste, criquet migrateur	810	LOCUST
909	loincloth	loincloth	cache-sexe // culotte	1965	LOINCLOTH
910	long	 // long	long // longue	1203	LONG
911	look after	look after	garder // prendre soin (de quelqu'un)	253	CARE FOR
912	look at	look at	regarder	1819	LOOK
913	look for	look for	chercher // chercher, essayer de trouver	1468	LOOK FOR
914	loosen	loosen	desserrer // desserrer, relâcher // déserrer // désserrer	1933	LOOSEN
915	lose (tr)	lose (tr)	perdre	1660	LOSE
916	louse	louse	insecte_puce // pou // pou (de tête) // poux ; parasite des poules	1392	LOUSE
917	love (n)	love (n)	amour		
918	love (v)	love (v)	aimer	923	LOVE
919	lower (tr)	lower (tr)	baisser		
920	lump (clay, mud)	lump (clay, mud)	motte		
921	lung	lung	poumon	688	LUNG
922	machete, cutlass	machete, cutlass	machette, coupe-coupe	2680	MACHETE
923	mad person	mad person	(un) fou, insensé	2321	MAD PERSON
924	madness	madness	folie		
925	magic	magic	magie	392	MAGIC
926	mahogany tree	mahogany tree	acajou // caïlcédrat	455	MAHOGANY TREE
927	maize, corn	maize, corn	maïs	506	MAIZE
928	make smooth	make smooth	rendre lisse, lisser		
929	malaria (fever)	malaria (fever)	paludisme (la fièvre)	3059	MALARIA
930	male (sex)	male (sex)	mâle // mâle (sexe)		
931	man	man	homme	1554	MAN
932	man (male)	man (male)	homme (mâle)	2106	MALE PERSON
933	mane	mane	crinière	1918	MANE
934	many	many	beaucoup // beaucoup (de) // beaucoup ; grand // beaucoup de // beaucoup; nombreux // en masse // nombreux	1198	MANY
935	mark out, peg out (ground)	mark out, peg out (ground)	délimiter, piqueter		
936	market	market	marché	633	MARKET
937	market (n)	market (n)	marché	633	MARKET
938	marry	marry	se marier // se marier, épouser // épouser	203	MARRY
939	master	master	maître	383	MASTER
940	mat	mat	la natte // natte	195	MAT
941	meaning (n)	meaning (n)	sens, signification	2950	MEANING
942	measles	measles	rougeole	3389	MEASLES
943	measure (v)	measure (v)	mesurer	1506	MEASURE
944	meat	meat	viande	634	MEAT
945	medicine	medicine	médicament // médicament, remède // remède	1372	MEDICINE
946	medicine man, traditional healer	medicine man, traditional healer	guérisseur traditionnel, chaman	394	SHAMAN (FOLK HEALER)
947	meet	meet	croiser // rencontrer	1831	MEET
948	melon	melon	melon	507	MELON
949	mend, repair	mend, repair	réparer	2243	REPAIR
950	messenger	messenger	envoyé // messager		
951	metal	metal	métal	2244	METAL
952	metal pot	metal pot	pot (en métal)		
953	middle	middle	au milieu // en pleine // milieu // milieu, centre	1093	MIDDLE
954	midwife	midwife	sage-femme, accoucheuse	3859	MIDWIFE
955	milk (cows, goats) (v)	milk (cows, goats) (v)	traire (vaches, chèvres) // traire (vaches, chèvres)presse	93	DRAW MILK
956	milk (n)	milk (n)	lait	635	MILK
957	millet	millet	mil // mil blanc au moment du mûrissage // mil violet // mil_chandelle	931	MILLET
958	millet (rainy season)	millet (rainy season)	mil (saison de pluies)	931	MILLET
959	millet beer	millet beer	bière de mil // bière de mil; hirssi olut		
960	millipede	millipede	iule, mille-pattes // mille-pattes // mille-pattes(esp.)	1974	CENTIPEDE
961	mistake (n)	mistake (n)	erreur		
962	mix (v)	mix (v)	mélanger	2017	MIX
963	molar tooth	molar tooth	dent_molaire // molaire	1049	MOLAR TOOTH
964	money	money	argent // argent, monnaie	1559	MONEY
965	monitor lizard	monitor lizard	varan // varan (terrestre) // varan(esp.) // varant	3017	MONITOR LIZARD
966	monkey	monkey	singe // singe (esp.) // singe(noir, gros)	1350	MONKEY
967	month	month	mois	1370	MONTH
968	moon	moon	lune // lune ; mois	1313	MOON
969	moonlight	moonlight	clair de lune		
970	morning	morning	le matin // matin // tôt	1339	MORNING
971	mortar	mortar	mortier	224	MORTAR
972	mosquito	mosquito	moustique // moustique(esp.)	1509	MOSQUITO
973	mother	mother	ma mère // maman // mère	1216	MOTHER
974	mother's brother (uncle)	mother's brother (uncle)	oncle maternel	2692	MATERNAL UNCLE (MOTHER'S BROTHER)
975	mother's sister (aunt)	mother's sister (aunt)	tante maternelle	2693	MATERNAL AUNT (MOTHER'S SISTER)
976	mother-in-law	mother-in-law	beau-parent // belle-mère	1050	MOTHER-IN-LAW
977	mount (horse, camel) (v)	mount (horse, camel) (v)	monter (un cheval, chameau)		
978	mountain	mountain	montagne // étagère en argile et branches, qui relie deux toits de greniers, sur laquelle on pose valise et affaires; montagne; montagne, parce que le village ouldémé est sur la montagne et anciennement quand on allait au village on montait la montagne	639	MOUNTAIN
979	mourning	mourning	cimétière // deuil	3673	MOURNING
980	mouse	mouse	(souris) // souris	1491	MOUSE
981	mouth	mouth	bouche	674	MOUTH
982	move	move	bouger // bouger, se déplacer // déplacer // se bouger // se déplacer // transporter // éloigner	765	MOVE
983	move away, migrate	move away, migrate	émigrer, déménager	229	MOVE AWAY
984	movement	movement	mouvement	3695	MOVEMENT
985	mud	mud	bou // boue // boue; s'embourber, s'enliser dans la boue	640	MUD
986	mud block	mud block	brique (en argile)		
987	mud wasp	mud wasp	guêpe-maçon		
988	mudfish	mudfish	silure	3777	CATFISH
989	muscle	muscle	muscle	1004	MUSCLE
990	mushroom	mushroom	champignon	641	MUSHROOM
991	music	music	musique	642	MUSIC
992	nail (n)	nail (n)	clou, pointe	502	NAIL (TOOL)
993	naked	naked	nu	590	NAKED
994	name	name	nom // nom donné au jumeau	1405	NAME
995	namesake	namesake	homonyme		
996	naming ceremony (baby)	naming ceremony (baby)	cérémonie de "baptême" (donner le nom au bébé)		
997	nape of neck	nape of neck	nuque	1347	NAPE (OF NECK)
998	nasal mucus, snot	nasal mucus, snot	morve	208	NASAL MUCUS (SNOT)
999	natron	 // natron	natron		
1000	nausea	nausea	nausée		
1001	navel	navel	nombril	1838	NAVEL
1002	near	near	proche // proche, près // près // près; prochain	1942	NEAR
1003	neck	neck	cou // cou, voix	1333	NECK
1004	necklace	necklace	collier // collier, bracelet	1961	NECKLACE
1005	needle	needle	aiguille	1382	NEEDLE (FOR SEWING)
1006	neighbour	neighbour	voisin	1332	NEIGHBOUR
1007	nephew	nephew	neveu	1063	NEPHEW
1008	nest	nest	nid	539	NEST
1009	never	never	jamais // jamais ; pas du tout // pas du tout	1656	NEVER
1010	new	new	neuf // neuf; nouveau // nouveau // nouveau, neuf	1231	NEW
1011	new moon	new moon	nouvelle lune	3691	NEW MOON
1012	news	news	actualité ; motif // nouvelles	2964	NEWS
1013	night	night	nuit // nuit; soir	1233	NIGHT
1014	nine	nine	neuf	1483	NINE
1015	nine (9)	nine (9)	neuf (9)	1483	NINE
1016	nineteen (19)	nineteen (19)	dix-neuf (19)	1714	NINETEEN
1017	ninety (90)	ninety (90)	quatre-vingt-dix (90)	1724	NINETY
1018	no	no	non // non ! // non!	1269	NO
1019	nobody	nobody	(aucune) personne, nul // (aucune) personnne, nul // personne	3887	NOBODY
1020	noise, sound (n)	noise, sound (n)	bruit, son // bruit, son,bavarder	1811	SOUND OR NOISE
1021	noon	noon	midi	12	MIDDAY
1022	north	north	Nord	1598	NORTH
1023	nose	nose	nez	1221	NOSE
1024	nose ring	nose ring	anneau de nez		
1025	not	not	ne...pas // pas	1240	NOT
1026	nothing	nothing	ne_rien // rien	687	NOTHING
1027	notice (v)	notice (v)	remarquer // remarquer, s'apercevoir	2893	NOTICE (SOMETHING)
1028	now	now	maintenant // maintenent // moment // or	1376	NOW
1029	number	number	nombre // numéro // numéro, nombre	1356	NUMBER
1030	nurse, suckle (baby) (tr)	nurse, suckle (baby) (tr)	téter	2472	SUCKLE (BREASTFEED, NURSE)
1031	oath	oath	serment	1712	OATH
1032	obstruct	obstruct	empêcher	2762	BLOCK (THE WAY)
1033	ocean, sea	ocean, sea	marigot // mer // océan, mer	2282	SEA OR OCEAN
1034	odour, smell (n)	odour, smell (n)	odeur	3704	ODOR (SMELL)
1035	often	often	souvent	1852	OFTEN
1036	oil	oil	huile	1484	OIL (ORGANIC SUBSTANCE)
1037	okra	 // okra	espèce végétale // gombo // okra	1737	OKRA
1038	old man	old man	vieillard	406	OLD MAN
1039	old woman	old woman	femme, vieille // vieille femme // vieille femme; femme (vieille)	907	OLD WOMAN
1040	olden times	olden times	autrefois, temps d'antan // jadis		
1041	on	on	sur // sur ou provenance	1741	ABOVE
1042	on (top)	on (top)	sur (dessus)		
1043	once	once	une fois // une fois; jamais	374	ONE TIME
1044	one	one	un // un (chiffre)	1493	ONE
1045	one (1)	one (1)	un // un (1)	1493	ONE
1046	onion	onion	oignon	2366	ONION
1047	only	only	ne...que // ne_que // rien que // sauf ; seulement // seul ; seulement // seulement // uniquement	1580	ONLY
1048	open	open	non-couvert // ouvert // ouvrir // ouvrir brusquement // ouvrir; enlever; perdre	1156	OPEN
1049	open (box) (v)	open (box) (v)	ouvrir (un carton)		
1050	open (door)	open (door)	ouvrir (une porte)	1156	OPEN
1051	orphan	orphan	orphelin // orphelin,	1149	ORPHAN
1052	ostrich	ostrich	autruche	3797	OSTRICH
1053	other (men)	other (men)	d'autres (messieurs)	197	OTHER
1054	outside	outside	(en) dehors // cour // dehors // extérieur	762	OUTSIDE
1055	overtake	overtake	dépasser // dépasser ; doubler // rattraper // surpasser, dépasser	402	SURPASS
1056	owl	owl	hibou // hibou ; effraie africaine	735	OWL
1057	owner	owner	propriétaire	1036	OWNER
1058	ox	ox	boeuf // bœuf	1169	OX
1059	pack (v)	pack (v)	emballer, empaqueter	3656	PACK
1060	paddle (n)	paddle (n)	pagaie	234	PADDLE
1061	pain (n)	pain (n)	douleur	1783	PAIN
1062	palate	palate	palais // palais (de la bouche)	540	PALATE
1063	palm (of hand)	palm (of hand)	paume (de la main)	1183	PALM OF HAND
1064	palpitate (of heart)	palpitate (of heart)	palpiter, batter (coeur) // palpiter, battre (cœur) // palpiter, battre (cœur,poitrine // palpiter, battre (le coeur)		
1065	pant	pant	haleter	3614	PANT
1066	parrot	parrot	perroquet	882	PARROT
1067	partridge	partridge	perdrix // pintade	3681	PARTRIDGE
1068	path, road	path, road	chemin // chemin, route	2457	PATH OR ROAD
1069	pawpaw, papaya	pawpaw, papaya	papaye	2445	PAPAYA
1070	pay (for goods, services, etc.)	pay (for goods, services, etc.)	payer (les marchandises, les services)	718	PAY
1071	payment	payment	paiement // paiement, versement		
1072	peck (tr)	peck (tr)	picorer	3684	PECK
1073	peel (v)	peel (v)	pêler, éplucher	275	PEEL
1074	penis	penis	penis // pénis // sexe, pénis	1222	PENIS
1075	people	people	gens // personnes	789	PEOPLE
1076	perhaps	perhaps	peut être (même) // peut-être	2278	PERHAPS
1077	person	person	gens // personne // personne; quelqu'un // une personne // une_personne; gens	683	PERSON
1078	perspire, sweat	perspire, sweat	transpirer	126	SWEAT (PERSPIRE)
1079	pestle	pestle	pilon	225	PESTLE
1080	pick (tr), choose (tr)	pick (tr), choose (tr)	choisir		
1081	pick up	pick up	ramasser // ramasser et ramener à plusieurs reprises	371	PICK UP
1082	pick, pluck (fruit)	pick, pluck (fruit)	cueillir (fruit)	2148	PICK
1083	piece	piece	jeter un morceau de; jeter un morceau d´os, argile ou pierre // morceau	594	PIECE
1084	pierce	pierce	percer // percer; percer rapidement  une boîte // piercer // pique // transpercer	398	PIERCE
1085	pierce (ears)	pierce (ears)	percer les oreilles		
1086	pig	pig	cochon // cochon ; porc // porc // porc, cochon	1337	PIG
1087	pigeon	 // pigeon	pigeon // pigeon de Guinée	1853	DOVE
1088	piglet	piglet	porcelet	2564	PIGLET
1089	pimple	pimple	bouton // bouton (sur la peau) // bouton, pustule	1809	PIMPLE
1090	pit	pit	fosse	2539	PIT (POTHOLE)
1091	pity (n)	pity (n)	pitié, compassion	1141	PITY
1092	place	place	endroit // endroit ; sol // endroit, lieu // lieu // lieu; place // place	723	PLACE (POSITION)
1093	place of the dead (spiritual)	place of the dead (spiritual)	lieu (spirituel) des morts // lieu des morts		
1094	plait, braid (hair)	plait, braid (hair)	tresser (les cheveux)	3295	BRAID (VERB)
1095	plank (n)	plank (n)	planche	1227	BOARD
1096	plaster (n)	plaster (n)	crépissage, plâtre		
1097	plate	plate	assiette // assiette traditionelle // plat	480	PLATE
1098	play (v)	play (v)	jouer		
1099	pluck (chicken)	pluck (chicken)	arracher (les plumes) // arracher les plumes		
1100	pocket	pocket	poche // poche; sac	1851	POCKET
1101	poison	 // poison	empoisonner // poison	655	POISON
1102	poison (n)	poison (n)	poison	655	POISON
1103	poison (on arrow)	poison (on arrow)	poison (sur une flèche)	655	POISON
1104	poke	poke	attiser le feu // donner un coup (de coude)		
1105	polish	polish	polir, cirer	3659	POLISH (SOMETHING)
1106	pool	pool	mare // étang		
1107	poor man	poor man	(un) pauvre	3662	POOR PERSON
1108	poorly	poorly	mal // mal, mediocrement // médiocrement	1292	BAD
1109	porcupine	porcupine	porc-épic	2510	PORCUPINE
1110	pot (for water)	pot (for water)	jarre ( eau) // jarre (à eau)	1462	POT
1111	potter	potter	pottier	359	POTTER
1112	pound	pound	piler	354	POUND
1113	pour	 // pour	action de verser_de_l'eau en grand bruit // couler // pour // verser	1487	POUR
1114	praise (n)	praise (n)	louange	1687	PRAISE
1115	pray	pray	prier	24	PRAY
1116	praying mantis	praying mantis	mante // mante religieuse	3279	MANTIS
1117	prepare (food to cook)	prepare (food to cook)	préparer (la nourriture)	2909	PREPARE
1118	press (v)	press (v)	appuyer (sur), presser		
1119	prevent	prevent	empêcher	1550	PREVENT
1120	price	price	commerce; prix // le prix // prix	657	PRICE
1121	principal wife, first wife	principal wife, first wife	première femme		
1122	prison	 // prison	prison // tôle ; ondulée	1281	PRISON
1123	prisoner, captive	prisoner, captive	prisonnier, captif	1072	PRISONER
1124	promise (n)	promise (n)	promesse		
1125	prostitute	prostitute	prostituée	1610	PROSTITUTE
1126	protect	protect	proteger // protéger // protéger; faire cuire	2900	PROTECT
1127	proverb	proverb	proverbe // proverbe,parabole	3646	PROVERB
1128	pubic hair	pubic hair	poils du pubis	36	PUBIC HAIR
1129	puff adder	puff adder	vipère		
1130	pull	pull	attirer // tenir // tirer // tirer, retirer	1455	PULL
1131	pumpkin	pumpkin	citrouille (melon) // citrouille, courge // courge	864	PUMPKIN
1132	punish	punish	punir	3649	PUNISH
1133	pup	pup	chiot	74	PUPPY
1134	pupil (of eye)	pupil (of eye)	pupille	1658	PUPIL
1135	pus	 // pus	pus // pus ; glaires	1808	PUS
1136	push	push	pousser // pousser pour faire tomber // pousser(qqch/qqn)	1452	PUSH
1137	put	put	mettre // mettre un objet sur la tête ou sur  le sol // poser // poser ; mettre plusieurs choses sur qqch d´horizontal	998	PUT
1138	put, place, set	put, place, set	mettre, placer	998	PUT
1139	python	 // python	boa // python // python de Séba	1563	PYTHON
1140	quarrel	quarrel	mettre deux personnes en querelle // querelle // quereller // querreller // se quereller	1848	QUARREL
1141	quench, extinguish	quench, extinguish	éteindre	127	EXTINGUISH
1142	quickly	quickly	IDÉO(vite) // brusquement // rapidement // rapidement et nombreux // vite	1631	FAST
1143	quiver (n)	quiver (n)	carquois	995	QUIVER (FOR ARROWS)
1144	rag	rag	chiffon // torchon	332	RAG
1145	rain	rain	pleuvoir // pluie	658	RAIN (PRECIPITATION)
1146	rainbow	rainbow	arc en ciel // arc-en-ciel // période sèche	1733	RAINBOW
1147	rainy season	rainy season	saison de pluie // saison de pluies // saison des pluies // saison_des_pluies	453	RAINY SEASON
1148	raise, elevate	raise, elevate	élever, réhausser	2134	RAISE (BRING UP)
1149	ram	ram	belier // bélier	1344	RAM
1150	rape	rape	viol	953	RAPE
1151	rat	 // rat	rat // raton	1490	RAT
1152	razor	razor	couteau à raser // rasoir // rasoir_traditionnel	151	RAZOR
1153	read	read	lire	724	READ
1154	really	really	c'est vrai // vraiment // vraiment, réellement // vraiment, réellement, vérité	1638	TRUTH
1155	red	red	rouge	156	RED
1156	red pepper, hot pepper	red pepper, hot pepper	piment, poivron rouge	919	CHILI PEPPER
1157	refuse	refuse	ordures // refuser	49	REFUSE
1158	rejoice	rejoice	rejouir // se réjouir	2192	REJOICE
1159	relative	relative	parent, relation	1644	RELATIVES
1160	relative by marriage	relative by marriage	allié // relation par mariage		
1161	remain, stay	remain, stay	rester, demeurer	987	REMAIN
1162	remember	remember	rappeler // se rappeler ; se souvenir ; penser à // se souvenir // se souvenir de // se souvenir, se rappeler // souvenir_(se)	707	REMEMBER
1163	reputation	reputation	réputation		
1164	request (n)	request (n)	demande // demande, requête		
1165	resemble	resemble	ressembler	1777	RESEMBLE
1166	respect (v)	respect (v)	respecter	385	RESPECT (SOMEBODY)
1167	rest	rest	repos // reposer // réposer; attendre // se reposer	168	REST
1168	return	return	ramener; revenir; repeter // rendre, renvoyer // rentrer // rentrer ; retourner // retour // retourner // retourner; tourner (ici) // revenir // rétourner	581	COME BACK
1169	revive	revive	reprendre connaissance		
1170	rib	rib	côte	801	RIB
1171	rice	rice	riz	926	RICE
1172	rich man	rich man	(un) riche	3661	RICH PERSON
1173	right (direction)	right (direction)	() droite // (à) droite // (�) droite	1019	RIGHT
1174	right, (be) correct	right, (be) correct	(avoir) raison // correct, (avoir) raison	1725	CORRECT (RIGHT)
1175	ring (finger)	ring (finger)	bague, anneau (de doigt)	1374	RING
1176	ringworm	ringworm	teigne	3171	RINGWORM
1177	ripen, become ripe	ripen, become ripe	mûrir	179	RIPEN
1178	rise up (intr)	rise up (intr)	se lever	1512	RISE (ONESELF)
1179	ritual place	ritual place	lieu des rites		
1180	river	river	fleuve // mayo, rivière // rivière // rivière ; fleuve // rivière, fleuve	666	RIVER
1181	river bank	river bank	bord (de rivière) // rive	3463	RIVERBANK
1182	road	road	chemin // grande route // route // rue	667	ROAD
1183	roast	roast	cuire // rôtir	1962	ROAST (SOMETHING)
1184	robe (man's gown)	robe (man's gown)	boubou	461	BOUBOU
1185	rock	rock	bercer // pierre // pierre, montagne // rocher // rocher plat	668	ROCK
1186	roof	roof	couvrir d'une toit // poser la charpente; poser les bois de la charpente // toit // toiture // tôler	769	ROOF
1187	room	room	chambre // pièce (de maison)	1450	ROOM
1188	rooster (cock)	rooster (cock)	coq	1511	ROOSTER
1189	root	root	racine // racine; base, tronc	670	ROOT
1190	rope	rope	corde	1218	ROPE
1191	rub	rub	frotter // frotter (le corps)	1449	RUB
1192	rubber	rubber	caoutchouc // caoutchouc, latex // fronde en caoutchouc		
1193	rubbish	rubbish	ordures // ordures; poubelles	909	GARBAGE
1194	ruminate, chew cud	ruminate, chew cud	ruminer	3680	RUMINATE
1195	run	run	courir // courir, fuire; courir vite	1519	RUN
1196	rust (n)	rust (n)	rouille	3064	RUST
1197	sacrifice	 // sacrifice	faire un sacrifice, sacrifier // sacrifice // sacrifier	1103	SACRIFICE
1198	saliva	saliva	salive	1503	SALIVA
1199	salt	salt	sel	1274	SALT
1200	sand	sand	le sable // sable	671	SAND
1201	sap	sap	sève // toxer	345	SAP
1202	sauce	 // sauce	sauce // sauce; sauce faite d'un ingrédient gras	132	SAUCE
1203	say	say	dire // dire ; annoncer à ; informer ; parler à // dire à lui	1458	SAY
1204	say goodbye, take leave of	say goodbye, take leave of	prendre congé		
1205	scar	scar	balafre // cicatrice // scarifier; se balafrer	497	SCAR
1206	scatter (tr)	scatter (tr)	éparpiller, répandre	3705	SCATTER
1207	scorpion	 // scorpion	(scorpion) // scorpion	1538	SCORPION
1208	scrape (v)	scrape (v)	gratter, racler	1767	SCRAPE
1209	scratch (v)	scratch (v)	égratigner, érafler	1436	SCRATCH
1210	scream, cry out	scream, cry out	crier	3809	SCREAM (PRODUCE A CRY)
1211	see	see	voir // voir ; contempler ; admirer	1409	SEE
1212	seed	seed	graine, semence // semence	714	SEED
1213	seize	seize	saisir // saisir, attraper	855	SEIZE
1214	sell	sell	vendre	1571	SELL
1215	semen	semen	sperme	2283	SEMEN
1216	send	send	envoyer	1127	SEND
1217	servant	 // servant	berceuse // jeune fille qui garde un bébé // servant // serviteur	255	SERVANT
1218	sesame seed	sesame seed	(graines de) sésame	2797	SESAME
1219	set (trap)	set (trap)	tendre (un piège)		
1220	seven	seven	sept	1704	SEVEN
1221	seven (7)	seven (7)	sept (7)	1704	SEVEN
1222	seventeen (17)	seventeen (17)	dix-sept (17)	2453	SEVENTEEN
1223	seventy (70)	seventy (70)	soixante-dix (70)	1721	SEVENTY
1224	sew	sew	coudre	1457	SEW
1225	shadow	shadow	ombre	1388	SHADE
1226	shake (tr)	shake (tr)	secouer	1909	SHAKE
1227	shame (n)	shame (n)	honte	1776	SHAME
1228	sharpen (knife)	sharpen (knife)	aiguiser (couteau)	251	SHARPEN (SOMETHING)
1229	sharpen, bring to point (arrow)	sharpen, bring to point (arrow)	aiguiser (flèche)	251	SHARPEN (SOMETHING)
1230	shave (v)	shave (v)	se raser	231	SHAVE
1231	she-goat, nanny goat	she-goat, nanny goat	chèvre (femelle)	2476	FEMALE GOAT
1232	sheep	sheep	brebis // mouton	1331	SHEEP
1233	shell (groundnuts) (v)	shell (groundnuts) (v)	décortiquer (arachides)	3660	SHELL (SOMETHING)
1234	shell (of groundnut)	shell (of groundnut)	coquille (d'arachide)		
1235	shell (of turtle)	shell (of turtle)	carapace (de tortue)	598	SHELL
1236	shield (n)	shield (n)	bouclier	1064	SHIELD
1237	shin	shin	tibia	186	SHIN
1238	shine	shine	briller // briller; faire jour	708	SHINE
1239	shirt	shirt	chemise	1622	SHIRT
1240	shiver, tremble	shiver, tremble	frissonner, trembler	52	SHIVER
1241	shoe	shoe	chaussure // chaussure ; babouche // soulier	1381	SHOE
1242	shoot	shoot	pousse, rejeton // tirer // tirer (une arme)	1172	SHOOT
1243	short	short	court // court; court de longueur // court; court en taille // court; mince // petit // très court et gros	1645	SHORT
1244	shorten	shorten	raccourcir		
1245	shoulder	shoulder	epaule // épaule	1482	SHOULDER
1246	shoulder blade	shoulder blade	omoplate	172	SHOULDERBLADE
1247	shout (v)	shout (v)	hurler, parler fort	715	SHOUT
1248	show	show	indiquer; montrer // montrer // montrer en présentant	1039	SHOW
1249	shut (tr)	shut (tr)	fermer (une porte)		
1250	sickle	sickle	faucille	341	SICKLE
1251	side	side	côté	682	SIDE
1252	side (of body)	side (of body)	côté (du corps), flanc	3344	SIDE (BODY)
1253	side (of something)	side (of something)	côté	682	SIDE
1254	silk, hair (of maize)	silk, hair (of maize)	poils, "barbe" (de maïs) // poils, 'barbe'de maïs	1641	SILK
1255	silver	silver	argent	759	SILVER
1256	sin	sin	pécher // péché	2971	SIN
1257	sing	sing	chanter	1261	SING
1258	singe	 // singe	brûler légèrement, roussir // singe	3698	SINGE
1259	sink (v)	sink (v)	couler, sombrer	1088	SINK (DESCEND)
1260	sister-in-law	sister-in-law	belle soeur // belle-sœur	2317	SISTER-IN-LAW
1261	sit	sit	s'asseoir	1416	SIT
1262	six	 // six	six	1703	SIX
1263	six (6)	six (6)	six // six (6)	1703	SIX
1264	sixteen (16)	sixteen (16)	seize (16)	2454	SIXTEEN
1265	sixty (60)	sixty (60)	soixante (60)	1718	SIXTY
1266	skeleton	skeleton	collection_de_squelettes // squelette	2668	SKELETON
1267	skin	skin	dépouiller // dépouiller ; écorcher // peau // pelant (peau); muant (peau) // écorcher // égorger	763	SKIN
1268	skin (animal) (v)	skin (animal) (v)	peau (d'animal) // écorcher (peau d'animal)	291	PULL OFF (SKIN)
1269	skin (of fruit)	skin (of fruit)	peau, pelure (de fruit)	2373	SKIN (OF FRUIT)
1270	skin (of man)	skin (of man)	peau (d'homme)	2613	SKIN (HUMAN)
1271	skull	skull	crâne	1605	SKULL
1272	sky	sky	ciel	1732	SKY
1273	slander (v)	slander (v)	calomnier	3641	SLANDER
1274	slap	slap	gifle // gifler	3160	SLAP
1275	slaughter, kill (animal for butchering)	slaughter, kill (animal for butchering)	abattre (un animal) // égorger, abattre (un animal)	1796	SLAUGHTER
1276	slave	slave	esclave	812	SLAVE
1277	sleep	sleep	dormir // dormir ; sommeiller_se // passer la nuit ; rester à dormir // sommeil	1585	SLEEP
1278	sleep (v)	sleep (v)	dormir	1585	SLEEP
1279	slice	slice	trancher	2954	SLICE
1280	slip	slip	glisser // glisser ; échapper ; dépasser // slip	1324	SLIP
1281	small	small	petit	1246	SMALL
1282	small drum	small drum	petit tambour // petit tambour, tam-tam // tamtam_en_général		
1283	small of back	small of back	creux des reins	3613	LOWER BACK
1284	smear (tr)	smear (tr)	enduire	364	SMEAR
1285	smell (v)	smell (v)	sentir	2124	SMELL
1286	smile	smile	sourire	1451	SMILE
1287	smithing	smithing	le forger // le forgeron	288	FORGE
1288	smoke	smoke	fumer // fumer, brûler // fumé // fumée	778	SMOKE (EXHAUST)
1289	smoke (tobacco) (v)	smoke (tobacco) (v)	fumer (tabac)		
1290	snail	snail	escargot	1543	SNAIL
1291	snake	snake	(serpent) // serpent // serpent (en générale) // serpent (nom gén.) // serpent (type) // serpent_inoffensif	730	SNAKE
1292	snatch	snatch	arracher // saisir, arracher // saisir, arracher [voir 0874]	855	SEIZE
1293	sneeze	sneeze	éternue // éternuement // éternuer	1621	SNEEZE
1294	sneeze (v)	sneeze (v)	éternuer	1621	SNEEZE
1295	snore	snore	ronfler	1983	SNORE
1296	soak	soak	(faire) tremper // mouiller // tremper	2069	SOAK (VERB)
1297	soar	soar	planer		
1298	soften	soften	amollir		
1299	soldier	soldier	gendarme; militaire // soldat	1941	SOLDIER
1300	sole	sole	plante du pied	2666	SOLE (FOOT)
1301	some (men)	some (men)	quelques (messieurs)	1241	SOME
1302	sometimes	sometimes	parfois // quelque fois // quelque_fois // quelquefois, parfois	1544	SOMETIMES
1303	son	 // son	fils // son	1620	SON
1304	son-in-law	son-in-law	beau-fils	1056	SON-IN-LAW
1305	song	song	chanson // chanson; chant // chant // chant, chanson	1096	SONG
1306	sorcerer (male)	sorcerer (male)	sorcier	823	SORCERER
1307	sorghum (dry season)	sorghum (dry season)	sorgho (saison sèche)	347	SORGHUM
1308	sorrow (n)	sorrow (n)	chagrin, peine	1668	GRIEF
1309	soul, spirit (of living person)	soul, spirit (of living person)	âme, esprit	811	SOUL
1310	soup, broth	soup, broth	soupe	1547	SOUP
1311	south	south	Sud	1595	SOUTH
1312	sow	sow	semer // truie	748	SOW SEEDS
1313	sow, plant	sow, plant	semer, planter	1486	PLANT (SOMETHING)
1314	spark	spark	étincelle	518	SPARK
1315	speak, talk	speak, talk	parler	1623	SPEAK
1316	speech, discourse	speech, discourse	discours	1115	SPEECH
1317	spend time	spend time	passer // passer le temps		
1318	spider	spider	araignée // araignée,grosse // araignée; un animal à huit/six pattes qui file vite et transporte les scorpions // arraignée	843	SPIDER
1319	spider's web	spider's web	toile d'araignée	1065	SPIDER WEB
1320	spill (moving to and from)	spill (moving to and from)	renverser, répandre // verser		
1321	spine, backbone	spine, backbone	colonne vertébrale, épine dorsale	805	SPINE
1322	spinster	spinster	femme célibataire		
1323	spit	spit	asperger // cracher // cracher; - je me mouche. // salive	1440	SPIT
1324	spitting cobra	spitting cobra	cobra		
1325	spoil (food) (intr)	spoil (food) (intr)	pourrir, s'abîmer (aliments)	569	SPOIL (BECOME SPOILED)
1326	spread (disease, fire)	spread (disease, fire)	se répandre, s'étendre // se répandre, s`étendre		
1327	spread out (maize) (tr)	spread out (maize) (tr)	étaler (maïs)	38	SPREAD OUT
1328	spring	spring	puits // source	1537	SPRINGTIME
1329	sprinkle	sprinkle	asperger		
1330	sprout (v)	sprout (v)	apparaître, pousser	2076	SPROUT (VERB)
1331	squat	squat	s'accroupir	296	CROUCH
1332	squeeze	squeeze	extraire // presser // presser_avec_la_main // serrer	1414	SQUEEZE
1333	squirrel	squirrel	écureuil	1628	SQUIRREL
1334	stab	stab	poignarder	1434	STAB
1335	stamp (with feet)	stamp (with feet)	taper du pied, trépigner // trépigner, taper du pied		
1336	stand	stand	(être, se tenir) debout // se tenir debout	1442	STAND
1337	star	star	étoile	1430	STAR
1338	startle, surprise	startle, surprise	surprendre	3627	SURPRISE (SOMEBODY)
1339	steal	steal	dérober // voler // voler (dérober) // voler, dérober // voler; dérober	713	STEAL
1340	stem, stalk (of maize, millet, etc.)	stem, stalk (of maize, millet, etc.)	tige (de maïs, de mil)	2628	PLANT STEM
1341	step on	step on	marcher sur	575	TREAD
1342	sting (v)	sting (v)	piquer	571	STING
1343	stink, smell (bad)	stink, smell (bad)	puer, sentir mauvais	1587	SMELL (STINK)
1344	stir	stir	agiter // remuer // remuer; bouger // tourner	696	STIR
1345	stomach	stomach	estomac // ventre	819	STOMACH
1346	stomach (internal)	stomach (internal)	ventre (interne)	819	STOMACH
1347	stomachache, upset stomach	stomachache, upset stomach	maux de ventre		
1348	stone	stone	caillou // pierre // pierre plate // pierre_(très dur)	857	STONE
1349	stone, pit	stone, pit	noyau	1762	STONE (OF FRUIT)
1350	stool	stool	tabouret // tabouret_sculpté	2058	STOOL
1351	stop up	stop up	boucher	2569	BUTCHER
1352	storm	storm	orage // orage ; averse de grêle	858	STORM
1353	story (tale)	story (tale)	conte, histoire	2060	STORY
1354	straighten	straighten	dresser // défriser // redresser // redresser, rendre droit // rendre droit ; redresser ; soulever		
1355	strain (food) (v)	strain (food) (v)	passer, filtrer, égoutter	940	STRAIN
1356	stranger	stranger	étranger // étranger (inconnu)	791	STRANGER
1357	strength	strength	force // parler avec force	202	STRENGTH
1358	stretch	stretch	(s')étirer // distance // etirer, tendre // s'étirer // étirer // étirer, tendre	214	STRETCH
1359	string (n)	string (n)	ficelle	362	STRING
1360	strip off (bark)	strip off (bark)	écorcer, enlever (l'écorce) // écorcer, enlever (l`éccorce)		
1361	stumble	stumble	trébucher, broncher	3617	STUMBLE
1362	stump	stump	souche	241	TREE STUMP
1363	stupid person	stupid person	imbécile, idiot	1518	STUPID
1364	stutter	stutter	bégayer	1866	STUTTER
1365	succeed	succeed	réussir	1112	SUCCEED
1366	suck	suck	succer // sucer // sucer ; laper // téter	1421	SUCK
1367	suffer	suffer	souffrir // supporter_la_douleur ; pardonner ; excuser_(s') ; tolérer	1101	SUFFER
1368	suffering	suffering	naître // souffrance // souffrance, difficultés // souffrant	1783	PAIN
1369	sugar cane	sugar cane	canne  sucre // canne de sorgho // canne à sucre // canne à sucre (prêt à manger) // canne à sucre, tige fraîche qu'on suce en mois de septembre et d'octobre // canne_à_sucre	146	SUGAR CANE
1370	summit, highest point	summit, highest point	sommet, cime	1614	SUMMIT
1371	sun	sun	soleil	1343	SUN
1372	sunrise	sunrise	lever du soleil // lever_du_soleil ; soleil,lever_du	2296	SUNRISE
1373	sunset	sunset	coucher du soleil // coucher_du_soleil	2295	SUNSET
1374	sunshine	sunshine	lumière du soleil	3276	SUNSHINE
1375	surround	surround	enceinte // encercle // entourer	3274	ENCIRCLE
1376	swallow	swallow	avaler // avaler (sans mâcher) ; manger qqch de poudreux; nielaista (pureskelematta), // hirondelle // hirondelle ; martinet des palmiers	897	SWALLOW
1377	swarm (n)	swarm (n)	essaim		
1378	swear	swear	jurer // jurer, imprécation // jurer, prêter serment	1939	SWEAR
1379	sweep	sweep	balayer	230	SWEEP
1380	sweet	sweet	sucré // sucré, doux	717	SWEET
1381	sweet potato	sweet potato	patate douce	159	SWEET POTATO
1382	swell	swell	enfler // gonfler // se gonfler	1573	SWELL
1383	swell (intr)	swell (intr)	se gonfler	1573	SWELL
1384	swelling	swelling	aine ; enflure // cicatrice boursouflée // enflure // gonflé // hernie	1903	SWELLING
1385	swim	swim	nager // nager; se baigner	1439	SWIM
1386	sword	sword	epée // épée	1535	SWORD
1387	tail	tail	queue	1220	TAIL
1388	take	take	La maniére de prendre quelque chose // apporter, emmener // arracher // emmener // emmener; accompagner // prend ! // prendre // prendre_quelque_chose_en_jetant // tiens	1749	TAKE
1389	take a walk	take a walk	se promener	2890	WALK (TAKE A WALK)
1390	take out (from container)	take out (from container)	enlever, sortir (d'un récipient)	3654	TAKE OUT
1391	tamarind tree	tamarind tree	tamarinier	35	TAMARIND
1392	taste	taste	déguster // goût // goûter // saveur // savoureux ; gout	21	TASTE (SOMETHING)
1393	tax	tax	impot // impôt // taxe	873	TAX
1394	tax (n)	tax (n)	taxe // taxe, prix des témoins lors d'un achat	873	TAX
1395	teach	teach	enseigner	709	TEACH
1396	tear (tr)	tear (tr)	déchirer	1735	TEAR (SHRED)
1397	tears (n)	tears (n)	larmes	1651	TEAR (OF EYE)
1398	tell, recount (story)	tell, recount (story)	raconter (un conte)	1711	TELL
1399	ten	ten	dix	1515	TEN
1400	ten (10)	ten (10)	dix // dix (10)	1515	TEN
1401	tendon	 // tendon	tendon	1137	TENDON
1402	termite	 // termite	termite	883	TERMITE
1403	termite hill	termite hill	termitière	1873	ANTHILL
1404	testicle	testicle	testicule	797	TESTICLES
1405	tether (sheep, goats) (v)	tether (sheep, goats) (v)	attacher (moutons, chèvres)	2891	TIE UP (TETHER)
1406	thank	thank	bonjour ; salut ; merci // remercier	2412	THANK (SOMEBODY)
1407	that	that	ce // ce-là // cela // celui // celui-là // là // marque pour qqch déjà dit // que	78	THAT
1408	that (man)	that (man)	ce (monsieur) -là	78	THAT
1409	thatch (n)	thatch (n)	chaume // herbe	279	THATCH
1410	theft	theft	vol		
1411	then	then	alors // après; puis // donc // ensuite // et puis // là // puis // puis ; alors	2921	THEN
1412	there	there	ANA // ici, là // là // là-bas // là; ce // sur // vers là // vers là (plus loin que |fv{akitu} // vers là-bas; vers là-bas ; à partir d'ici jusqu'à là // voilà // |fb{a)} là ; là-bas (plus distant que |fv{aàkitu})	1937	THERE
1413	they	they	3pP eux // elles // eux // ils // ils/elles	817	THEY
1414	they (human)	they (human)	ils // ils (humains) // ils, eux (humain)	817	THEY
1415	thief	thief	voleur	1160	THIEF
1416	thigh	thigh	cuisse // gigot; cuisse	471	UPPER LEG (THIGH)
1417	thin	thin	fin // maigre // mince // non-épais	2308	THIN
1418	thing	thing	chose // chose ; affaire - |fi{utilisé dans beaucoup de collocations diverses, telles que:}	738	THING
1419	think	think	penser // penser ; réfléchir // réfléchir	2271	THINK
1420	thirst	thirst	soif	848	THIRST
1421	thirteen (13)	thirteen (13)	treize (13)	1708	THIRTEEN
1422	thirty (30)	thirty (30)	trente (30)	1715	THIRTY
1423	this	this	(ce...)-ci // -ci // ce // ce/cet/cette // ceci // celui-ci ; celle-ci // le, la	1214	THIS
1424	this (man)	this (man)	ce (monsieur) -ci	1214	THIS
1425	thorn	thorn	épine // épines ; une épine	124	THORN
1426	thorn-tree	thorn-tree	abre épineux // arbre épineux		
1427	thousand (1000)	thousand (1000)	mille // mille (1000)	1843	THOUSAND
1428	thread (n)	thread (n)	fil	1161	THREAD
1429	threaten	threaten	menacer	1192	THREATEN
1430	three	three	trois	492	THREE
1431	three (3)	three (3)	trois (3)	492	THREE
1432	three hundred (300)	three hundred (300)	trois cents (300)		
1433	thresh, beat (grain)	thresh, beat (grain)	battre (la céréale)	285	THRESH
1434	threshing-floor	threshing-floor	aire de battage	223	THRESHING-FLOOR
1435	throat	throat	gorge // gorge ; trachée-artère	1346	THROAT
1436	throw	throw	jet // jeter // jeter; s'en débarasser // lancer	1456	THROW
1437	throw away	throw away	jeter	3696	THROW AWAY
1438	throw away (garbage)	throw away (garbage)	jeter // jeter (ordures)		
1439	thumb	thumb	pouce // puce	1781	THUMB
1440	thunder	thunder	tonnere // tonnerre // tonnère // éclater	1150	THUNDER
1441	tickle (v)	tickle (v)	chatouiller	3647	TICKLE (SOMEBODY)
1442	tie (knot)	tie (knot)	attacher, nouer // éveiller	1917	TIE
1443	tighten (tr)	tighten (tr)	serrer	1094	FASTEN
1444	time	time	fois // fois; occasion // heure // temps	892	TIME
1445	toad	toad	crapaud	894	TOAD
1446	tobacco	tobacco	tabac	974	TOBACCO
1447	tobacco pipe	tobacco pipe	pipe tabac // pipe à tabac	1124	PIPE
1448	today	today	aujourd'hui	1283	TODAY
1449	toe	toe	orteil // orteil ; doigt de pied	1389	TOE
1450	tomato	tomato	tomate // tomate; tomate mot d'emprunt	986	TOMATO
1451	tomorrow	tomorrow	demain // le matin	1329	TOMORROW
1452	tongue	tongue	langue // langue (partie de la bouche)	1205	TONGUE
1453	tooth	tooth	dent	1380	TOOTH
1454	tooth stick, toothbrush	tooth stick, toothbrush	brosse à dents, bâton à nettoyer les dents	2579	TOOTHBRUSH
1455	toothache	toothache	mal au dent ; carie dentaire // mal aux dents // mal de dent		
1456	top	top	le dessus, le haut	1753	TOP
1457	tortoise (land)	tortoise (land)	tortue (terrestre)	895	TORTOISE
1458	touch	touch	toucher // toucher; caresser	1892	TOUCH
1459	towards	towards	vers // vers (direction)	2754	TOWARDS
1460	town	town	ville	1391	TOWN
1461	track (animal) (n)	track (animal) (n)	trace (des pas d'animal)		
1462	trader	trader	commerçant		
1463	trample	trample	piétiner, fouler aux pieds		
1464	transplant	transplant	transplanter, repiquer		
1465	trap (animal) (v)	trap (animal) (v)	prendre au piège	1170	TRAP (CATCH)
1466	trap (n)	trap (n)	piège	1075	TRAP (PITFALL)
1467	traveler	traveler	voyageur		
1468	tree	tree	(arbre) // abre // arbre // arbre (esp.) // arbre (nom gén.) // arbre_lierre	906	TREE
1469	tribe	tribe	tribu	1549	TRIBE
1470	trip	trip	trébucher, buter // voyage	3617	STUMBLE
1471	trousers	trousers	pantalon	809	TROUSERS
1472	trunk (of tree)	trunk (of tree)	tronc (d'arbre)	344	TREE TRUNK
1473	truth	truth	verité // vrai // vérité	1638	TRUTH
1474	try	try	essayer // essayer ; éprouver // tâter; essayer	1812	TRY
1475	tuft, lock (of hair)	tuft, lock (of hair)	touffe, mèche (de cheveux)		
1476	turn over (tr)	turn over (tr)	retourner	1445	TURN (SOMETHING)
1477	turn round (intr)	turn round (intr)	se retourner	1444	TURN AROUND
1478	turtle (water)	turtle (water)	tortue (aquatique) // tortue marine	112	TURTLE
1479	twelve (12)	twelve (12)	douze (12)	1707	TWELVE
1480	twenty (20)	twenty (20)	vingt (20)	1710	TWENTY
1481	twenty-five (25)	twenty-five (25)	vingt-cinq (25)		
1482	twenty-four (24)	twenty-four (24)	vingt-quatre (24)		
1483	twenty-one (21)	twenty-one (21)	vingt-et-un (21)	1734	TWENTY ONE
1484	twenty-three (23)	twenty-three (23)	vingt-trois (23)		
1485	twenty-two (22)	twenty-two (22)	vingt-deux (22)	3166	TWENTY TWO
1486	twin	twin	jumeau	1005	TWINS
1487	twist	twist	entourtiller // se tordre // tordre	430	TWIST
1488	two	two	deux	1498	TWO
1489	two (2)	two (2)	deux (2)	1498	TWO
1490	two hundred (200)	two hundred (200)	deux cents (200)	2676	TWO HUNDRED
1491	udder	udder	mamelle // pis, mamelle	154	UDDER
1492	ulcer	ulcer	ulcère	1189	ULCER
1493	umbilical cord	umbilical cord	corde umbilicale // cordon ombilical // cordon ombilical; nombril	2663	UMBILICAL CORD
1494	underneath	underneath	au-desous // desous // en-dessous	1485	BELOW OR UNDER
1495	undress	undress	déshabiller // enlever // se déshabiller	1755	UNDRESS
1496	unload	unload	décharger		
1497	untie	untie	délier // délier(une_corde) // dénouer // détacher	352	UNTIE
1498	until	until	jusqu'a // jusqu'à // jusque // jusqu’à	2753	UNTIL
1499	unwrap	unwrap	défaire		
1500	up	up	en haut	1591	UP
1501	upper arm	upper arm	bras // bras supérieur // haut de bras	431	UPPER ARM
1502	urinate	urinate	uriner	592	PISS
1503	urine	 // urine	urine	1142	URINE
1504	usually	usually	habituellement, d'habitude		
1505	vagina	vagina	sexe // vagin	1836	VAGINA
1506	valley	valley	vallée	921	VALLEY
1507	vegetable	vegetable	(légume) // legume // légume, feuille	924	VEGETABLES
1508	vein	vein	artère // veine	1924	VEIN
1509	venom (of snake)	venom (of snake)	venin (de serpent)		
1510	village	 // village	village // village, quartier	930	VILLAGE
1511	vine	vine	liane // plante rampante ; grimpante	343	VINE
1512	virgin	virgin	vierge	2298	VIRGIN
1513	voice	voice	voix	1363	VOICE
1514	voice box, larynx, Adam's apple	voice box, larynx, Adam's apple	larynx, pomme d'Adam	802	ADAM'S APPLE
1515	vomit	vomit	vomir // vomissant // vomissement	1278	VOMIT
1516	vomit (v)	vomit (v)	vomir	1278	VOMIT
1517	vulture	vulture	charognard // vautour // vautour ? // vauture ; charognard	1185	VULTURE
1518	waist	waist	taille // taille (partie du corps)	1681	WAIST
1519	wait	wait	attendre // patienter	1590	WAIT (FOR)
1520	wake up (intr)	wake up (intr)	se réveiller	1602	WAKE UP
1521	walk	walk	aller // marcher // promenade // promener	1443	WALK
1522	wall	wall	mur // muraille	933	WALL (OF HOUSE)
1523	wander	wander	errer	3666	WANDER
1524	want, desire (v)	want, desire (v)	vouloir // vouloir, désirer	2117	DESIRE
1525	war	war	guerre	935	WAR
1526	warthog	warthog	phacochère		
1527	wash (tr)	wash (tr)	laver	1453	WASH
1528	wash clothes	wash clothes	laver (habits)	1453	WASH
1529	wash utensils	wash utensils	laver (vaisselle, ustensiles) // laver la vaiselle		
1530	watch	watch	garder // guetter // montre // regarder // surveiller // veiller, surveiller	1650	WATCH
1531	water	water	arroser // eau	948	WATER
1532	waterfall	waterfall	chute d'eau // chute d’eau // chute, cataract // chute_d'eau	943	WATERFALL
1533	waterhole	waterhole	abreuvoir, étang // mare // marre		
1534	wave	wave	vague	978	WAVE
1535	wave (hand as a greeting) (v)	wave (hand as a greeting) (v)	faire signe de la main	3544	WAVE (VERB)
1536	we	we	nous // nous (excl) // nous (incl) // nous (|fi{inclusif et exclusif})	1212	WE
1537	we (incl.)	we (incl.)	nous (incl.)	1131	WE (INCLUSIVE)
1538	wear clothes	wear clothes	porter des vêtements // porter les vêtements	976	WEAR
1539	weave	weave	tisser // tisser ; tresser	133	WEAVE
1540	weaver	weaver	tisserand // tisserin	3637	WEAVER
1541	wedding (ceremony)	wedding (ceremony)	mariage (cérémonie)	1259	WEDDING
1542	weed (v)	weed (v)	dédherber // enlever les mauvaises herbes // enlever les mauvaises herbes; sarcler	3548	PULL UP WEEDS
1543	weeds	weeds	mauvaises herbes // mauvaises_herbes	3288	WEED
1544	weigh	weigh	peser	1098	WEIGH
1545	weight	weight	poids	2466	WEIGHT
1546	well	well	bien // donc // puit // puits	954	WELL
1547	well (adv)	well (adv)	bien	1035	GOOD
1548	well (n)	well (n)	puits	954	WELL
1549	west	west	Ouest // ouest	1817	WEST
1550	what?	what?	"Oui?" En réponse à qqn qui appelle qqn, ce dernier répond "|fv{Away}". // quoi ? // quoi?	1236	WHAT
1551	when	when	quand	1238	WHEN
1552	when?	when?	quand ? // quand?	1238	WHEN
1553	where?	where?	où ? // où?	1237	WHERE
1554	which?	which?	lequel ? // lequel?	727	WHICH
1555	whip (v)	whip (v)	fouetter		
1556	whirlwind	whirlwind	tourbillion // tourbillon // tourbillon de vent	3740	WHIRLWIND
1557	whisper (v)	whisper (v)	chuchoter	55	WHISPER
1558	whistle (v)	whistle (v)	siffler	1025	WHISTLE
1559	white	white	blanc // tout blanc	1335	WHITE
1560	white hair	white hair	cheveux blanc // cheveux blancs		
1561	white man	white man	homme blanc	2839	WHITE MAN
1562	who?	who?	qui ? // qui ? (pluriel) // qui?	1235	WHO
1563	whole	whole	entier // entier, l'ensemble, le tout // non-écrasé // tout	2277	WHOLE
1564	why?	why?	pourquoi ? // pourquoi?	1270	WHY
1565	wide	wide	large // large (d' une chambre) // large_(d' un champ) // large_(d' une route) // largement	1243	WIDE
1566	widen	widen	elargir // élargir // élargir intérieurement		
1567	widow	widow	veuve	1756	WIDOW
1568	wife	wife	femme // femme, épouse // épous // épouse	1199	WIFE
1569	wild cat	wild cat	chat sauvage, fauve	2241	WILD CAT
1570	wind	wind	vent	960	WIND
1571	window	window	fenêtre // vitre	1375	WINDOW
1572	wing	wing	aile	1257	WING
1573	wink (eye)	wink (eye)	faire un clin d'œil		
1574	winnow	winnow	vanner	2462	WINNOWING
1575	winnow (n)	winnow (n)	van		
1576	winnow, throw in air (grain) (v)	winnow, throw in air (grain) (v)	vanner	2462	WINNOWING
1577	wipe	wipe	essuyer // s'essuyer (la bouche)	1454	WIPE
1578	wipe off (excreta)	wipe off (excreta)	s'essuyer (des excréments)		
1579	wire	wire	fil // fil de fer // échelle	2631	WIRE
1580	wisdom	wisdom	sagesse		
1581	witch (female)	witch (female)	sorcière	824	WITCH
1582	witchcraft	witchcraft	sorcellerie	392	MAGIC
1583	with	with	avec	1340	WITH
1584	woman	woman	femme	962	WOMAN
1585	womb	womb	sein (uterus)	804	WOMB
1586	wood	wood	bois	1803	WOOD
1587	word	word	mot // mot, parole // parole // parole ; mot	1599	WORD
1588	work	work	travail // travaille // travailler	1086	WORK (ACTIVITY)
1589	work (n)	work (n)	travail	984	WORK (LABOUR)
1590	work (v)	work (v)	travailler	1086	WORK (ACTIVITY)
1591	world	world	monde // monde ; vie // pays	965	WORLD
1592	wound (animal)	wound (animal)	blesser (un animal)	44	INJURE
1593	wound, sore	wound, sore	plaie // plaie, blessure	1109	WOUND
1594	wrap up	wrap up	emballer // envelopper	1113	WRAP
1595	wring out	wring out	essorer	3224	WRING
1596	wrinkle (on skin)	wrinkle (on skin)	ride (sur la peau)	2294	WRINKLE
1597	wrist	wrist	poignet	799	WRIST
1598	write	write	écirie // écrire	1672	WRITE
1599	yam	yam	igname	410	YAM
1600	yawn	yawn	baillement // bailler // baîllement // bâillement // bâiller	1028	YAWN
1601	year	year	an // an, année // année // année ; an	1226	YEAR
1602	yes	yes	ah bon ? // d'accord // oui // oui (moins emphatique que |fv{eñ}) // oui (plus emphatique que |fv{aa})	1268	YES
1603	yesterday	yesterday	hier	1174	YESTERDAY
1604	yolk (of egg)	yolk (of egg)	jaune d'œuf	1556	YOLK
1605	you (pl.)	you (pl.)	vous // vous (pl.)	1213	YOU
1606	you (sing.)	you (sing.)	tu (sing.) // tu, toi	1215	THOU
1607	young man	young man	jeune // jeune homme	76	YOUNG MAN
1608	young woman	young woman	jeune femme // jeune fille // jeune fille,épouse	77	YOUNG WOMAN
1609	younger brother	younger brother	frère cadet	1760	YOUNGER BROTHER
1610	younger sister	younger sister	sœur cadette	1761	YOUNGER SISTER
1611	zebra	zebra	zèbre	3675	ZEBRA
